/*
 Navicat Premium Data Transfer

 Source Server         : local3306
 Source Server Type    : MySQL
 Source Server Version : 100427 (10.4.27-MariaDB)
 Source Host           : localhost:3306
 Source Schema         : tsukamoto

 Target Server Type    : MySQL
 Target Server Version : 100427 (10.4.27-MariaDB)
 File Encoding         : 65001

 Date: 04/07/2023 09:57:52
*/

SET NAMES utf8mb4;
SET FOREIGN_KEY_CHECKS = 0;

-- ----------------------------
-- Table structure for tb_aturan
-- ----------------------------
DROP TABLE IF EXISTS `tb_aturan`;
CREATE TABLE `tb_aturan`  (
  `id_aturan` int NOT NULL AUTO_INCREMENT,
  `no_aturan` int NULL DEFAULT NULL,
  `kode_kriteria` varchar(16) CHARACTER SET latin1 COLLATE latin1_swedish_ci NULL DEFAULT NULL,
  `operator` varchar(16) CHARACTER SET latin1 COLLATE latin1_swedish_ci NULL DEFAULT NULL,
  `kode_himpunan` varchar(16) CHARACTER SET latin1 COLLATE latin1_swedish_ci NULL DEFAULT NULL,
  PRIMARY KEY (`id_aturan`) USING BTREE
) ENGINE = InnoDB AUTO_INCREMENT = 1459 CHARACTER SET = latin1 COLLATE = latin1_swedish_ci ROW_FORMAT = DYNAMIC;

-- ----------------------------
-- Records of tb_aturan
-- ----------------------------
INSERT INTO `tb_aturan` VALUES (1, 1, 'C01', 'AND', 'C01-01');
INSERT INTO `tb_aturan` VALUES (2, 1, 'C02', 'AND', 'C02-01');
INSERT INTO `tb_aturan` VALUES (3, 1, 'C03', 'AND', 'C03-01');
INSERT INTO `tb_aturan` VALUES (4, 1, 'C04', 'AND', 'C04-01');
INSERT INTO `tb_aturan` VALUES (5, 1, 'C05', 'AND', 'C05-01');
INSERT INTO `tb_aturan` VALUES (6, 1, 'C06', 'AND', 'C06-02');
INSERT INTO `tb_aturan` VALUES (7, 2, 'C01', 'AND', 'C01-01');
INSERT INTO `tb_aturan` VALUES (8, 2, 'C02', 'AND', 'C02-01');
INSERT INTO `tb_aturan` VALUES (9, 2, 'C03', 'AND', 'C03-01');
INSERT INTO `tb_aturan` VALUES (10, 2, 'C04', 'AND', 'C04-01');
INSERT INTO `tb_aturan` VALUES (11, 2, 'C05', 'AND', 'C05-02');
INSERT INTO `tb_aturan` VALUES (12, 2, 'C06', 'AND', 'C06-01');
INSERT INTO `tb_aturan` VALUES (13, 3, 'C01', 'AND', 'C01-01');
INSERT INTO `tb_aturan` VALUES (14, 3, 'C02', 'AND', 'C02-01');
INSERT INTO `tb_aturan` VALUES (15, 3, 'C03', 'AND', 'C03-01');
INSERT INTO `tb_aturan` VALUES (16, 3, 'C04', 'AND', 'C04-01');
INSERT INTO `tb_aturan` VALUES (17, 3, 'C05', 'AND', 'C05-03');
INSERT INTO `tb_aturan` VALUES (18, 3, 'C06', 'AND', 'C06-02');
INSERT INTO `tb_aturan` VALUES (19, 4, 'C01', 'AND', 'C01-01');
INSERT INTO `tb_aturan` VALUES (20, 4, 'C02', 'AND', 'C02-01');
INSERT INTO `tb_aturan` VALUES (21, 4, 'C03', 'AND', 'C03-01');
INSERT INTO `tb_aturan` VALUES (22, 4, 'C04', 'AND', 'C04-02');
INSERT INTO `tb_aturan` VALUES (23, 4, 'C05', 'AND', 'C05-01');
INSERT INTO `tb_aturan` VALUES (24, 4, 'C06', 'AND', 'C06-02');
INSERT INTO `tb_aturan` VALUES (25, 5, 'C01', 'AND', 'C01-01');
INSERT INTO `tb_aturan` VALUES (26, 5, 'C02', 'AND', 'C02-01');
INSERT INTO `tb_aturan` VALUES (27, 5, 'C03', 'AND', 'C03-01');
INSERT INTO `tb_aturan` VALUES (28, 5, 'C04', 'AND', 'C04-02');
INSERT INTO `tb_aturan` VALUES (29, 5, 'C05', 'AND', 'C05-02');
INSERT INTO `tb_aturan` VALUES (30, 5, 'C06', 'AND', 'C06-02');
INSERT INTO `tb_aturan` VALUES (31, 6, 'C01', 'AND', 'C01-01');
INSERT INTO `tb_aturan` VALUES (32, 6, 'C02', 'AND', 'C02-01');
INSERT INTO `tb_aturan` VALUES (33, 6, 'C03', 'AND', 'C03-01');
INSERT INTO `tb_aturan` VALUES (34, 6, 'C04', 'AND', 'C04-02');
INSERT INTO `tb_aturan` VALUES (35, 6, 'C05', 'AND', 'C05-03');
INSERT INTO `tb_aturan` VALUES (36, 6, 'C06', 'AND', 'C06-03');
INSERT INTO `tb_aturan` VALUES (37, 7, 'C01', 'AND', 'C01-01');
INSERT INTO `tb_aturan` VALUES (38, 7, 'C02', 'AND', 'C02-01');
INSERT INTO `tb_aturan` VALUES (39, 7, 'C03', 'AND', 'C03-01');
INSERT INTO `tb_aturan` VALUES (40, 7, 'C04', 'AND', 'C04-03');
INSERT INTO `tb_aturan` VALUES (41, 7, 'C05', 'AND', 'C05-01');
INSERT INTO `tb_aturan` VALUES (42, 7, 'C06', 'AND', 'C06-03');
INSERT INTO `tb_aturan` VALUES (43, 8, 'C01', 'AND', 'C01-01');
INSERT INTO `tb_aturan` VALUES (44, 8, 'C02', 'AND', 'C02-01');
INSERT INTO `tb_aturan` VALUES (45, 8, 'C03', 'AND', 'C03-01');
INSERT INTO `tb_aturan` VALUES (46, 8, 'C04', 'AND', 'C04-03');
INSERT INTO `tb_aturan` VALUES (47, 8, 'C05', 'AND', 'C05-02');
INSERT INTO `tb_aturan` VALUES (48, 8, 'C06', 'AND', 'C06-01');
INSERT INTO `tb_aturan` VALUES (49, 9, 'C01', 'AND', 'C01-01');
INSERT INTO `tb_aturan` VALUES (50, 9, 'C02', 'AND', 'C02-01');
INSERT INTO `tb_aturan` VALUES (51, 9, 'C03', 'AND', 'C03-01');
INSERT INTO `tb_aturan` VALUES (52, 9, 'C04', 'AND', 'C04-03');
INSERT INTO `tb_aturan` VALUES (53, 9, 'C05', 'AND', 'C05-03');
INSERT INTO `tb_aturan` VALUES (54, 9, 'C06', 'AND', 'C06-02');
INSERT INTO `tb_aturan` VALUES (55, 10, 'C01', 'AND', 'C01-01');
INSERT INTO `tb_aturan` VALUES (56, 10, 'C02', 'AND', 'C02-01');
INSERT INTO `tb_aturan` VALUES (57, 10, 'C03', 'AND', 'C03-02');
INSERT INTO `tb_aturan` VALUES (58, 10, 'C04', 'AND', 'C04-01');
INSERT INTO `tb_aturan` VALUES (59, 10, 'C05', 'AND', 'C05-01');
INSERT INTO `tb_aturan` VALUES (60, 10, 'C06', 'AND', 'C06-02');
INSERT INTO `tb_aturan` VALUES (61, 11, 'C01', 'AND', 'C01-01');
INSERT INTO `tb_aturan` VALUES (62, 11, 'C02', 'AND', 'C02-01');
INSERT INTO `tb_aturan` VALUES (63, 11, 'C03', 'AND', 'C03-02');
INSERT INTO `tb_aturan` VALUES (64, 11, 'C04', 'AND', 'C04-01');
INSERT INTO `tb_aturan` VALUES (65, 11, 'C05', 'AND', 'C05-02');
INSERT INTO `tb_aturan` VALUES (66, 11, 'C06', 'AND', 'C06-01');
INSERT INTO `tb_aturan` VALUES (67, 12, 'C01', 'AND', 'C01-01');
INSERT INTO `tb_aturan` VALUES (68, 12, 'C02', 'AND', 'C02-01');
INSERT INTO `tb_aturan` VALUES (69, 12, 'C03', 'AND', 'C03-02');
INSERT INTO `tb_aturan` VALUES (70, 12, 'C04', 'AND', 'C04-01');
INSERT INTO `tb_aturan` VALUES (71, 12, 'C05', 'AND', 'C05-03');
INSERT INTO `tb_aturan` VALUES (72, 12, 'C06', 'AND', 'C06-01');
INSERT INTO `tb_aturan` VALUES (73, 13, 'C01', 'AND', 'C01-01');
INSERT INTO `tb_aturan` VALUES (74, 13, 'C02', 'AND', 'C02-01');
INSERT INTO `tb_aturan` VALUES (75, 13, 'C03', 'AND', 'C03-02');
INSERT INTO `tb_aturan` VALUES (76, 13, 'C04', 'AND', 'C04-02');
INSERT INTO `tb_aturan` VALUES (77, 13, 'C05', 'AND', 'C05-01');
INSERT INTO `tb_aturan` VALUES (78, 13, 'C06', 'AND', 'C06-02');
INSERT INTO `tb_aturan` VALUES (79, 14, 'C01', 'AND', 'C01-01');
INSERT INTO `tb_aturan` VALUES (80, 14, 'C02', 'AND', 'C02-01');
INSERT INTO `tb_aturan` VALUES (81, 14, 'C03', 'AND', 'C03-02');
INSERT INTO `tb_aturan` VALUES (82, 14, 'C04', 'AND', 'C04-02');
INSERT INTO `tb_aturan` VALUES (83, 14, 'C05', 'AND', 'C05-02');
INSERT INTO `tb_aturan` VALUES (84, 14, 'C06', 'AND', 'C06-02');
INSERT INTO `tb_aturan` VALUES (85, 15, 'C01', 'AND', 'C01-01');
INSERT INTO `tb_aturan` VALUES (86, 15, 'C02', 'AND', 'C02-01');
INSERT INTO `tb_aturan` VALUES (87, 15, 'C03', 'AND', 'C03-02');
INSERT INTO `tb_aturan` VALUES (88, 15, 'C04', 'AND', 'C04-02');
INSERT INTO `tb_aturan` VALUES (89, 15, 'C05', 'AND', 'C05-03');
INSERT INTO `tb_aturan` VALUES (90, 15, 'C06', 'AND', 'C06-01');
INSERT INTO `tb_aturan` VALUES (91, 16, 'C01', 'AND', 'C01-01');
INSERT INTO `tb_aturan` VALUES (92, 16, 'C02', 'AND', 'C02-01');
INSERT INTO `tb_aturan` VALUES (93, 16, 'C03', 'AND', 'C03-02');
INSERT INTO `tb_aturan` VALUES (94, 16, 'C04', 'AND', 'C04-03');
INSERT INTO `tb_aturan` VALUES (95, 16, 'C05', 'AND', 'C05-01');
INSERT INTO `tb_aturan` VALUES (96, 16, 'C06', 'AND', 'C06-03');
INSERT INTO `tb_aturan` VALUES (97, 17, 'C01', 'AND', 'C01-01');
INSERT INTO `tb_aturan` VALUES (98, 17, 'C02', 'AND', 'C02-01');
INSERT INTO `tb_aturan` VALUES (99, 17, 'C03', 'AND', 'C03-02');
INSERT INTO `tb_aturan` VALUES (100, 17, 'C04', 'AND', 'C04-03');
INSERT INTO `tb_aturan` VALUES (101, 17, 'C05', 'AND', 'C05-02');
INSERT INTO `tb_aturan` VALUES (102, 17, 'C06', 'AND', 'C06-03');
INSERT INTO `tb_aturan` VALUES (103, 18, 'C01', 'AND', 'C01-01');
INSERT INTO `tb_aturan` VALUES (104, 18, 'C02', 'AND', 'C02-01');
INSERT INTO `tb_aturan` VALUES (105, 18, 'C03', 'AND', 'C03-02');
INSERT INTO `tb_aturan` VALUES (106, 18, 'C04', 'AND', 'C04-03');
INSERT INTO `tb_aturan` VALUES (107, 18, 'C05', 'AND', 'C05-03');
INSERT INTO `tb_aturan` VALUES (108, 18, 'C06', 'AND', 'C06-02');
INSERT INTO `tb_aturan` VALUES (109, 19, 'C01', 'AND', 'C01-01');
INSERT INTO `tb_aturan` VALUES (110, 19, 'C02', 'AND', 'C02-01');
INSERT INTO `tb_aturan` VALUES (111, 19, 'C03', 'AND', 'C03-03');
INSERT INTO `tb_aturan` VALUES (112, 19, 'C04', 'AND', 'C04-01');
INSERT INTO `tb_aturan` VALUES (113, 19, 'C05', 'AND', 'C05-01');
INSERT INTO `tb_aturan` VALUES (114, 19, 'C06', 'AND', 'C06-02');
INSERT INTO `tb_aturan` VALUES (115, 20, 'C01', 'AND', 'C01-01');
INSERT INTO `tb_aturan` VALUES (116, 20, 'C02', 'AND', 'C02-01');
INSERT INTO `tb_aturan` VALUES (117, 20, 'C03', 'AND', 'C03-03');
INSERT INTO `tb_aturan` VALUES (118, 20, 'C04', 'AND', 'C04-01');
INSERT INTO `tb_aturan` VALUES (119, 20, 'C05', 'AND', 'C05-02');
INSERT INTO `tb_aturan` VALUES (120, 20, 'C06', 'AND', 'C06-01');
INSERT INTO `tb_aturan` VALUES (121, 21, 'C01', 'AND', 'C01-01');
INSERT INTO `tb_aturan` VALUES (122, 21, 'C02', 'AND', 'C02-01');
INSERT INTO `tb_aturan` VALUES (123, 21, 'C03', 'AND', 'C03-03');
INSERT INTO `tb_aturan` VALUES (124, 21, 'C04', 'AND', 'C04-01');
INSERT INTO `tb_aturan` VALUES (125, 21, 'C05', 'AND', 'C05-03');
INSERT INTO `tb_aturan` VALUES (126, 21, 'C06', 'AND', 'C06-02');
INSERT INTO `tb_aturan` VALUES (127, 22, 'C01', 'AND', 'C01-01');
INSERT INTO `tb_aturan` VALUES (128, 22, 'C02', 'AND', 'C02-01');
INSERT INTO `tb_aturan` VALUES (129, 22, 'C03', 'AND', 'C03-03');
INSERT INTO `tb_aturan` VALUES (130, 22, 'C04', 'AND', 'C04-02');
INSERT INTO `tb_aturan` VALUES (131, 22, 'C05', 'AND', 'C05-01');
INSERT INTO `tb_aturan` VALUES (132, 22, 'C06', 'AND', 'C06-02');
INSERT INTO `tb_aturan` VALUES (133, 23, 'C01', 'AND', 'C01-01');
INSERT INTO `tb_aturan` VALUES (134, 23, 'C02', 'AND', 'C02-01');
INSERT INTO `tb_aturan` VALUES (135, 23, 'C03', 'AND', 'C03-03');
INSERT INTO `tb_aturan` VALUES (136, 23, 'C04', 'AND', 'C04-02');
INSERT INTO `tb_aturan` VALUES (137, 23, 'C05', 'AND', 'C05-02');
INSERT INTO `tb_aturan` VALUES (138, 23, 'C06', 'AND', 'C06-02');
INSERT INTO `tb_aturan` VALUES (139, 24, 'C01', 'AND', 'C01-01');
INSERT INTO `tb_aturan` VALUES (140, 24, 'C02', 'AND', 'C02-01');
INSERT INTO `tb_aturan` VALUES (141, 24, 'C03', 'AND', 'C03-03');
INSERT INTO `tb_aturan` VALUES (142, 24, 'C04', 'AND', 'C04-02');
INSERT INTO `tb_aturan` VALUES (143, 24, 'C05', 'AND', 'C05-03');
INSERT INTO `tb_aturan` VALUES (144, 24, 'C06', 'AND', 'C06-02');
INSERT INTO `tb_aturan` VALUES (145, 25, 'C01', 'AND', 'C01-01');
INSERT INTO `tb_aturan` VALUES (146, 25, 'C02', 'AND', 'C02-01');
INSERT INTO `tb_aturan` VALUES (147, 25, 'C03', 'AND', 'C03-03');
INSERT INTO `tb_aturan` VALUES (148, 25, 'C04', 'AND', 'C04-03');
INSERT INTO `tb_aturan` VALUES (149, 25, 'C05', 'AND', 'C05-01');
INSERT INTO `tb_aturan` VALUES (150, 25, 'C06', 'AND', 'C06-01');
INSERT INTO `tb_aturan` VALUES (151, 26, 'C01', 'AND', 'C01-01');
INSERT INTO `tb_aturan` VALUES (152, 26, 'C02', 'AND', 'C02-01');
INSERT INTO `tb_aturan` VALUES (153, 26, 'C03', 'AND', 'C03-03');
INSERT INTO `tb_aturan` VALUES (154, 26, 'C04', 'AND', 'C04-03');
INSERT INTO `tb_aturan` VALUES (155, 26, 'C05', 'AND', 'C05-02');
INSERT INTO `tb_aturan` VALUES (156, 26, 'C06', 'AND', 'C06-03');
INSERT INTO `tb_aturan` VALUES (157, 27, 'C01', 'AND', 'C01-01');
INSERT INTO `tb_aturan` VALUES (158, 27, 'C02', 'AND', 'C02-01');
INSERT INTO `tb_aturan` VALUES (159, 27, 'C03', 'AND', 'C03-03');
INSERT INTO `tb_aturan` VALUES (160, 27, 'C04', 'AND', 'C04-03');
INSERT INTO `tb_aturan` VALUES (161, 27, 'C05', 'AND', 'C05-03');
INSERT INTO `tb_aturan` VALUES (162, 27, 'C06', 'AND', 'C06-01');
INSERT INTO `tb_aturan` VALUES (163, 28, 'C01', 'AND', 'C01-01');
INSERT INTO `tb_aturan` VALUES (164, 28, 'C02', 'AND', 'C02-02');
INSERT INTO `tb_aturan` VALUES (165, 28, 'C03', 'AND', 'C03-01');
INSERT INTO `tb_aturan` VALUES (166, 28, 'C04', 'AND', 'C04-01');
INSERT INTO `tb_aturan` VALUES (167, 28, 'C05', 'AND', 'C05-01');
INSERT INTO `tb_aturan` VALUES (168, 28, 'C06', 'AND', 'C06-03');
INSERT INTO `tb_aturan` VALUES (169, 29, 'C01', 'AND', 'C01-01');
INSERT INTO `tb_aturan` VALUES (170, 29, 'C02', 'AND', 'C02-02');
INSERT INTO `tb_aturan` VALUES (171, 29, 'C03', 'AND', 'C03-01');
INSERT INTO `tb_aturan` VALUES (172, 29, 'C04', 'AND', 'C04-01');
INSERT INTO `tb_aturan` VALUES (173, 29, 'C05', 'AND', 'C05-02');
INSERT INTO `tb_aturan` VALUES (174, 29, 'C06', 'AND', 'C06-02');
INSERT INTO `tb_aturan` VALUES (175, 30, 'C01', 'AND', 'C01-01');
INSERT INTO `tb_aturan` VALUES (176, 30, 'C02', 'AND', 'C02-02');
INSERT INTO `tb_aturan` VALUES (177, 30, 'C03', 'AND', 'C03-01');
INSERT INTO `tb_aturan` VALUES (178, 30, 'C04', 'AND', 'C04-01');
INSERT INTO `tb_aturan` VALUES (179, 30, 'C05', 'AND', 'C05-03');
INSERT INTO `tb_aturan` VALUES (180, 30, 'C06', 'AND', 'C06-03');
INSERT INTO `tb_aturan` VALUES (181, 31, 'C01', 'AND', 'C01-01');
INSERT INTO `tb_aturan` VALUES (182, 31, 'C02', 'AND', 'C02-02');
INSERT INTO `tb_aturan` VALUES (183, 31, 'C03', 'AND', 'C03-01');
INSERT INTO `tb_aturan` VALUES (184, 31, 'C04', 'AND', 'C04-02');
INSERT INTO `tb_aturan` VALUES (185, 31, 'C05', 'AND', 'C05-01');
INSERT INTO `tb_aturan` VALUES (186, 31, 'C06', 'AND', 'C06-03');
INSERT INTO `tb_aturan` VALUES (187, 32, 'C01', 'AND', 'C01-01');
INSERT INTO `tb_aturan` VALUES (188, 32, 'C02', 'AND', 'C02-02');
INSERT INTO `tb_aturan` VALUES (189, 32, 'C03', 'AND', 'C03-01');
INSERT INTO `tb_aturan` VALUES (190, 32, 'C04', 'AND', 'C04-02');
INSERT INTO `tb_aturan` VALUES (191, 32, 'C05', 'AND', 'C05-02');
INSERT INTO `tb_aturan` VALUES (192, 32, 'C06', 'AND', 'C06-01');
INSERT INTO `tb_aturan` VALUES (193, 33, 'C01', 'AND', 'C01-01');
INSERT INTO `tb_aturan` VALUES (194, 33, 'C02', 'AND', 'C02-02');
INSERT INTO `tb_aturan` VALUES (195, 33, 'C03', 'AND', 'C03-01');
INSERT INTO `tb_aturan` VALUES (196, 33, 'C04', 'AND', 'C04-02');
INSERT INTO `tb_aturan` VALUES (197, 33, 'C05', 'AND', 'C05-03');
INSERT INTO `tb_aturan` VALUES (198, 33, 'C06', 'AND', 'C06-02');
INSERT INTO `tb_aturan` VALUES (199, 34, 'C01', 'AND', 'C01-01');
INSERT INTO `tb_aturan` VALUES (200, 34, 'C02', 'AND', 'C02-02');
INSERT INTO `tb_aturan` VALUES (201, 34, 'C03', 'AND', 'C03-01');
INSERT INTO `tb_aturan` VALUES (202, 34, 'C04', 'AND', 'C04-03');
INSERT INTO `tb_aturan` VALUES (203, 34, 'C05', 'AND', 'C05-01');
INSERT INTO `tb_aturan` VALUES (204, 34, 'C06', 'AND', 'C06-01');
INSERT INTO `tb_aturan` VALUES (205, 35, 'C01', 'AND', 'C01-01');
INSERT INTO `tb_aturan` VALUES (206, 35, 'C02', 'AND', 'C02-02');
INSERT INTO `tb_aturan` VALUES (207, 35, 'C03', 'AND', 'C03-01');
INSERT INTO `tb_aturan` VALUES (208, 35, 'C04', 'AND', 'C04-03');
INSERT INTO `tb_aturan` VALUES (209, 35, 'C05', 'AND', 'C05-02');
INSERT INTO `tb_aturan` VALUES (210, 35, 'C06', 'AND', 'C06-03');
INSERT INTO `tb_aturan` VALUES (211, 36, 'C01', 'AND', 'C01-01');
INSERT INTO `tb_aturan` VALUES (212, 36, 'C02', 'AND', 'C02-02');
INSERT INTO `tb_aturan` VALUES (213, 36, 'C03', 'AND', 'C03-01');
INSERT INTO `tb_aturan` VALUES (214, 36, 'C04', 'AND', 'C04-03');
INSERT INTO `tb_aturan` VALUES (215, 36, 'C05', 'AND', 'C05-03');
INSERT INTO `tb_aturan` VALUES (216, 36, 'C06', 'AND', 'C06-02');
INSERT INTO `tb_aturan` VALUES (217, 37, 'C01', 'AND', 'C01-01');
INSERT INTO `tb_aturan` VALUES (218, 37, 'C02', 'AND', 'C02-02');
INSERT INTO `tb_aturan` VALUES (219, 37, 'C03', 'AND', 'C03-02');
INSERT INTO `tb_aturan` VALUES (220, 37, 'C04', 'AND', 'C04-01');
INSERT INTO `tb_aturan` VALUES (221, 37, 'C05', 'AND', 'C05-01');
INSERT INTO `tb_aturan` VALUES (222, 37, 'C06', 'AND', 'C06-01');
INSERT INTO `tb_aturan` VALUES (223, 38, 'C01', 'AND', 'C01-01');
INSERT INTO `tb_aturan` VALUES (224, 38, 'C02', 'AND', 'C02-02');
INSERT INTO `tb_aturan` VALUES (225, 38, 'C03', 'AND', 'C03-02');
INSERT INTO `tb_aturan` VALUES (226, 38, 'C04', 'AND', 'C04-01');
INSERT INTO `tb_aturan` VALUES (227, 38, 'C05', 'AND', 'C05-02');
INSERT INTO `tb_aturan` VALUES (228, 38, 'C06', 'AND', 'C06-01');
INSERT INTO `tb_aturan` VALUES (229, 39, 'C01', 'AND', 'C01-01');
INSERT INTO `tb_aturan` VALUES (230, 39, 'C02', 'AND', 'C02-02');
INSERT INTO `tb_aturan` VALUES (231, 39, 'C03', 'AND', 'C03-02');
INSERT INTO `tb_aturan` VALUES (232, 39, 'C04', 'AND', 'C04-01');
INSERT INTO `tb_aturan` VALUES (233, 39, 'C05', 'AND', 'C05-03');
INSERT INTO `tb_aturan` VALUES (234, 39, 'C06', 'AND', 'C06-02');
INSERT INTO `tb_aturan` VALUES (235, 40, 'C01', 'AND', 'C01-01');
INSERT INTO `tb_aturan` VALUES (236, 40, 'C02', 'AND', 'C02-02');
INSERT INTO `tb_aturan` VALUES (237, 40, 'C03', 'AND', 'C03-02');
INSERT INTO `tb_aturan` VALUES (238, 40, 'C04', 'AND', 'C04-02');
INSERT INTO `tb_aturan` VALUES (239, 40, 'C05', 'AND', 'C05-01');
INSERT INTO `tb_aturan` VALUES (240, 40, 'C06', 'AND', 'C06-01');
INSERT INTO `tb_aturan` VALUES (241, 41, 'C01', 'AND', 'C01-01');
INSERT INTO `tb_aturan` VALUES (242, 41, 'C02', 'AND', 'C02-02');
INSERT INTO `tb_aturan` VALUES (243, 41, 'C03', 'AND', 'C03-02');
INSERT INTO `tb_aturan` VALUES (244, 41, 'C04', 'AND', 'C04-02');
INSERT INTO `tb_aturan` VALUES (245, 41, 'C05', 'AND', 'C05-02');
INSERT INTO `tb_aturan` VALUES (246, 41, 'C06', 'AND', 'C06-02');
INSERT INTO `tb_aturan` VALUES (247, 42, 'C01', 'AND', 'C01-01');
INSERT INTO `tb_aturan` VALUES (248, 42, 'C02', 'AND', 'C02-02');
INSERT INTO `tb_aturan` VALUES (249, 42, 'C03', 'AND', 'C03-02');
INSERT INTO `tb_aturan` VALUES (250, 42, 'C04', 'AND', 'C04-02');
INSERT INTO `tb_aturan` VALUES (251, 42, 'C05', 'AND', 'C05-03');
INSERT INTO `tb_aturan` VALUES (252, 42, 'C06', 'AND', 'C06-02');
INSERT INTO `tb_aturan` VALUES (253, 43, 'C01', 'AND', 'C01-01');
INSERT INTO `tb_aturan` VALUES (254, 43, 'C02', 'AND', 'C02-02');
INSERT INTO `tb_aturan` VALUES (255, 43, 'C03', 'AND', 'C03-02');
INSERT INTO `tb_aturan` VALUES (256, 43, 'C04', 'AND', 'C04-03');
INSERT INTO `tb_aturan` VALUES (257, 43, 'C05', 'AND', 'C05-01');
INSERT INTO `tb_aturan` VALUES (258, 43, 'C06', 'AND', 'C06-01');
INSERT INTO `tb_aturan` VALUES (259, 44, 'C01', 'AND', 'C01-01');
INSERT INTO `tb_aturan` VALUES (260, 44, 'C02', 'AND', 'C02-02');
INSERT INTO `tb_aturan` VALUES (261, 44, 'C03', 'AND', 'C03-02');
INSERT INTO `tb_aturan` VALUES (262, 44, 'C04', 'AND', 'C04-03');
INSERT INTO `tb_aturan` VALUES (263, 44, 'C05', 'AND', 'C05-02');
INSERT INTO `tb_aturan` VALUES (264, 44, 'C06', 'AND', 'C06-01');
INSERT INTO `tb_aturan` VALUES (265, 45, 'C01', 'AND', 'C01-01');
INSERT INTO `tb_aturan` VALUES (266, 45, 'C02', 'AND', 'C02-02');
INSERT INTO `tb_aturan` VALUES (267, 45, 'C03', 'AND', 'C03-02');
INSERT INTO `tb_aturan` VALUES (268, 45, 'C04', 'AND', 'C04-03');
INSERT INTO `tb_aturan` VALUES (269, 45, 'C05', 'AND', 'C05-03');
INSERT INTO `tb_aturan` VALUES (270, 45, 'C06', 'AND', 'C06-01');
INSERT INTO `tb_aturan` VALUES (271, 46, 'C01', 'AND', 'C01-01');
INSERT INTO `tb_aturan` VALUES (272, 46, 'C02', 'AND', 'C02-02');
INSERT INTO `tb_aturan` VALUES (273, 46, 'C03', 'AND', 'C03-03');
INSERT INTO `tb_aturan` VALUES (274, 46, 'C04', 'AND', 'C04-01');
INSERT INTO `tb_aturan` VALUES (275, 46, 'C05', 'AND', 'C05-01');
INSERT INTO `tb_aturan` VALUES (276, 46, 'C06', 'AND', 'C06-01');
INSERT INTO `tb_aturan` VALUES (277, 47, 'C01', 'AND', 'C01-01');
INSERT INTO `tb_aturan` VALUES (278, 47, 'C02', 'AND', 'C02-02');
INSERT INTO `tb_aturan` VALUES (279, 47, 'C03', 'AND', 'C03-03');
INSERT INTO `tb_aturan` VALUES (280, 47, 'C04', 'AND', 'C04-01');
INSERT INTO `tb_aturan` VALUES (281, 47, 'C05', 'AND', 'C05-02');
INSERT INTO `tb_aturan` VALUES (282, 47, 'C06', 'AND', 'C06-02');
INSERT INTO `tb_aturan` VALUES (283, 48, 'C01', 'AND', 'C01-01');
INSERT INTO `tb_aturan` VALUES (284, 48, 'C02', 'AND', 'C02-02');
INSERT INTO `tb_aturan` VALUES (285, 48, 'C03', 'AND', 'C03-03');
INSERT INTO `tb_aturan` VALUES (286, 48, 'C04', 'AND', 'C04-01');
INSERT INTO `tb_aturan` VALUES (287, 48, 'C05', 'AND', 'C05-03');
INSERT INTO `tb_aturan` VALUES (288, 48, 'C06', 'AND', 'C06-02');
INSERT INTO `tb_aturan` VALUES (289, 49, 'C01', 'AND', 'C01-01');
INSERT INTO `tb_aturan` VALUES (290, 49, 'C02', 'AND', 'C02-02');
INSERT INTO `tb_aturan` VALUES (291, 49, 'C03', 'AND', 'C03-03');
INSERT INTO `tb_aturan` VALUES (292, 49, 'C04', 'AND', 'C04-02');
INSERT INTO `tb_aturan` VALUES (293, 49, 'C05', 'AND', 'C05-01');
INSERT INTO `tb_aturan` VALUES (294, 49, 'C06', 'AND', 'C06-03');
INSERT INTO `tb_aturan` VALUES (295, 50, 'C01', 'AND', 'C01-01');
INSERT INTO `tb_aturan` VALUES (296, 50, 'C02', 'AND', 'C02-02');
INSERT INTO `tb_aturan` VALUES (297, 50, 'C03', 'AND', 'C03-03');
INSERT INTO `tb_aturan` VALUES (298, 50, 'C04', 'AND', 'C04-02');
INSERT INTO `tb_aturan` VALUES (299, 50, 'C05', 'AND', 'C05-02');
INSERT INTO `tb_aturan` VALUES (300, 50, 'C06', 'AND', 'C06-02');
INSERT INTO `tb_aturan` VALUES (301, 51, 'C01', 'AND', 'C01-01');
INSERT INTO `tb_aturan` VALUES (302, 51, 'C02', 'AND', 'C02-02');
INSERT INTO `tb_aturan` VALUES (303, 51, 'C03', 'AND', 'C03-03');
INSERT INTO `tb_aturan` VALUES (304, 51, 'C04', 'AND', 'C04-02');
INSERT INTO `tb_aturan` VALUES (305, 51, 'C05', 'AND', 'C05-03');
INSERT INTO `tb_aturan` VALUES (306, 51, 'C06', 'AND', 'C06-01');
INSERT INTO `tb_aturan` VALUES (307, 52, 'C01', 'AND', 'C01-01');
INSERT INTO `tb_aturan` VALUES (308, 52, 'C02', 'AND', 'C02-02');
INSERT INTO `tb_aturan` VALUES (309, 52, 'C03', 'AND', 'C03-03');
INSERT INTO `tb_aturan` VALUES (310, 52, 'C04', 'AND', 'C04-03');
INSERT INTO `tb_aturan` VALUES (311, 52, 'C05', 'AND', 'C05-01');
INSERT INTO `tb_aturan` VALUES (312, 52, 'C06', 'AND', 'C06-02');
INSERT INTO `tb_aturan` VALUES (313, 53, 'C01', 'AND', 'C01-01');
INSERT INTO `tb_aturan` VALUES (314, 53, 'C02', 'AND', 'C02-02');
INSERT INTO `tb_aturan` VALUES (315, 53, 'C03', 'AND', 'C03-03');
INSERT INTO `tb_aturan` VALUES (316, 53, 'C04', 'AND', 'C04-03');
INSERT INTO `tb_aturan` VALUES (317, 53, 'C05', 'AND', 'C05-02');
INSERT INTO `tb_aturan` VALUES (318, 53, 'C06', 'AND', 'C06-01');
INSERT INTO `tb_aturan` VALUES (319, 54, 'C01', 'AND', 'C01-01');
INSERT INTO `tb_aturan` VALUES (320, 54, 'C02', 'AND', 'C02-02');
INSERT INTO `tb_aturan` VALUES (321, 54, 'C03', 'AND', 'C03-03');
INSERT INTO `tb_aturan` VALUES (322, 54, 'C04', 'AND', 'C04-03');
INSERT INTO `tb_aturan` VALUES (323, 54, 'C05', 'AND', 'C05-03');
INSERT INTO `tb_aturan` VALUES (324, 54, 'C06', 'AND', 'C06-02');
INSERT INTO `tb_aturan` VALUES (325, 55, 'C01', 'AND', 'C01-01');
INSERT INTO `tb_aturan` VALUES (326, 55, 'C02', 'AND', 'C02-03');
INSERT INTO `tb_aturan` VALUES (327, 55, 'C03', 'AND', 'C03-01');
INSERT INTO `tb_aturan` VALUES (328, 55, 'C04', 'AND', 'C04-01');
INSERT INTO `tb_aturan` VALUES (329, 55, 'C05', 'AND', 'C05-01');
INSERT INTO `tb_aturan` VALUES (330, 55, 'C06', 'AND', 'C06-01');
INSERT INTO `tb_aturan` VALUES (331, 56, 'C01', 'AND', 'C01-01');
INSERT INTO `tb_aturan` VALUES (332, 56, 'C02', 'AND', 'C02-03');
INSERT INTO `tb_aturan` VALUES (333, 56, 'C03', 'AND', 'C03-01');
INSERT INTO `tb_aturan` VALUES (334, 56, 'C04', 'AND', 'C04-01');
INSERT INTO `tb_aturan` VALUES (335, 56, 'C05', 'AND', 'C05-02');
INSERT INTO `tb_aturan` VALUES (336, 56, 'C06', 'AND', 'C06-01');
INSERT INTO `tb_aturan` VALUES (337, 57, 'C01', 'AND', 'C01-01');
INSERT INTO `tb_aturan` VALUES (338, 57, 'C02', 'AND', 'C02-03');
INSERT INTO `tb_aturan` VALUES (339, 57, 'C03', 'AND', 'C03-01');
INSERT INTO `tb_aturan` VALUES (340, 57, 'C04', 'AND', 'C04-01');
INSERT INTO `tb_aturan` VALUES (341, 57, 'C05', 'AND', 'C05-03');
INSERT INTO `tb_aturan` VALUES (342, 57, 'C06', 'AND', 'C06-01');
INSERT INTO `tb_aturan` VALUES (343, 58, 'C01', 'AND', 'C01-01');
INSERT INTO `tb_aturan` VALUES (344, 58, 'C02', 'AND', 'C02-03');
INSERT INTO `tb_aturan` VALUES (345, 58, 'C03', 'AND', 'C03-01');
INSERT INTO `tb_aturan` VALUES (346, 58, 'C04', 'AND', 'C04-02');
INSERT INTO `tb_aturan` VALUES (347, 58, 'C05', 'AND', 'C05-01');
INSERT INTO `tb_aturan` VALUES (348, 58, 'C06', 'AND', 'C06-01');
INSERT INTO `tb_aturan` VALUES (349, 59, 'C01', 'AND', 'C01-01');
INSERT INTO `tb_aturan` VALUES (350, 59, 'C02', 'AND', 'C02-03');
INSERT INTO `tb_aturan` VALUES (351, 59, 'C03', 'AND', 'C03-01');
INSERT INTO `tb_aturan` VALUES (352, 59, 'C04', 'AND', 'C04-02');
INSERT INTO `tb_aturan` VALUES (353, 59, 'C05', 'AND', 'C05-02');
INSERT INTO `tb_aturan` VALUES (354, 59, 'C06', 'AND', 'C06-02');
INSERT INTO `tb_aturan` VALUES (355, 60, 'C01', 'AND', 'C01-01');
INSERT INTO `tb_aturan` VALUES (356, 60, 'C02', 'AND', 'C02-03');
INSERT INTO `tb_aturan` VALUES (357, 60, 'C03', 'AND', 'C03-01');
INSERT INTO `tb_aturan` VALUES (358, 60, 'C04', 'AND', 'C04-02');
INSERT INTO `tb_aturan` VALUES (359, 60, 'C05', 'AND', 'C05-03');
INSERT INTO `tb_aturan` VALUES (360, 60, 'C06', 'AND', 'C06-03');
INSERT INTO `tb_aturan` VALUES (361, 61, 'C01', 'AND', 'C01-01');
INSERT INTO `tb_aturan` VALUES (362, 61, 'C02', 'AND', 'C02-03');
INSERT INTO `tb_aturan` VALUES (363, 61, 'C03', 'AND', 'C03-01');
INSERT INTO `tb_aturan` VALUES (364, 61, 'C04', 'AND', 'C04-03');
INSERT INTO `tb_aturan` VALUES (365, 61, 'C05', 'AND', 'C05-01');
INSERT INTO `tb_aturan` VALUES (366, 61, 'C06', 'AND', 'C06-03');
INSERT INTO `tb_aturan` VALUES (367, 62, 'C01', 'AND', 'C01-01');
INSERT INTO `tb_aturan` VALUES (368, 62, 'C02', 'AND', 'C02-03');
INSERT INTO `tb_aturan` VALUES (369, 62, 'C03', 'AND', 'C03-01');
INSERT INTO `tb_aturan` VALUES (370, 62, 'C04', 'AND', 'C04-03');
INSERT INTO `tb_aturan` VALUES (371, 62, 'C05', 'AND', 'C05-02');
INSERT INTO `tb_aturan` VALUES (372, 62, 'C06', 'AND', 'C06-03');
INSERT INTO `tb_aturan` VALUES (373, 63, 'C01', 'AND', 'C01-01');
INSERT INTO `tb_aturan` VALUES (374, 63, 'C02', 'AND', 'C02-03');
INSERT INTO `tb_aturan` VALUES (375, 63, 'C03', 'AND', 'C03-01');
INSERT INTO `tb_aturan` VALUES (376, 63, 'C04', 'AND', 'C04-03');
INSERT INTO `tb_aturan` VALUES (377, 63, 'C05', 'AND', 'C05-03');
INSERT INTO `tb_aturan` VALUES (378, 63, 'C06', 'AND', 'C06-03');
INSERT INTO `tb_aturan` VALUES (379, 64, 'C01', 'AND', 'C01-01');
INSERT INTO `tb_aturan` VALUES (380, 64, 'C02', 'AND', 'C02-03');
INSERT INTO `tb_aturan` VALUES (381, 64, 'C03', 'AND', 'C03-02');
INSERT INTO `tb_aturan` VALUES (382, 64, 'C04', 'AND', 'C04-01');
INSERT INTO `tb_aturan` VALUES (383, 64, 'C05', 'AND', 'C05-01');
INSERT INTO `tb_aturan` VALUES (384, 64, 'C06', 'AND', 'C06-01');
INSERT INTO `tb_aturan` VALUES (385, 65, 'C01', 'AND', 'C01-01');
INSERT INTO `tb_aturan` VALUES (386, 65, 'C02', 'AND', 'C02-03');
INSERT INTO `tb_aturan` VALUES (387, 65, 'C03', 'AND', 'C03-02');
INSERT INTO `tb_aturan` VALUES (388, 65, 'C04', 'AND', 'C04-01');
INSERT INTO `tb_aturan` VALUES (389, 65, 'C05', 'AND', 'C05-02');
INSERT INTO `tb_aturan` VALUES (390, 65, 'C06', 'AND', 'C06-01');
INSERT INTO `tb_aturan` VALUES (391, 66, 'C01', 'AND', 'C01-01');
INSERT INTO `tb_aturan` VALUES (392, 66, 'C02', 'AND', 'C02-03');
INSERT INTO `tb_aturan` VALUES (393, 66, 'C03', 'AND', 'C03-02');
INSERT INTO `tb_aturan` VALUES (394, 66, 'C04', 'AND', 'C04-01');
INSERT INTO `tb_aturan` VALUES (395, 66, 'C05', 'AND', 'C05-03');
INSERT INTO `tb_aturan` VALUES (396, 66, 'C06', 'AND', 'C06-03');
INSERT INTO `tb_aturan` VALUES (397, 67, 'C01', 'AND', 'C01-01');
INSERT INTO `tb_aturan` VALUES (398, 67, 'C02', 'AND', 'C02-03');
INSERT INTO `tb_aturan` VALUES (399, 67, 'C03', 'AND', 'C03-02');
INSERT INTO `tb_aturan` VALUES (400, 67, 'C04', 'AND', 'C04-02');
INSERT INTO `tb_aturan` VALUES (401, 67, 'C05', 'AND', 'C05-01');
INSERT INTO `tb_aturan` VALUES (402, 67, 'C06', 'AND', 'C06-03');
INSERT INTO `tb_aturan` VALUES (403, 68, 'C01', 'AND', 'C01-01');
INSERT INTO `tb_aturan` VALUES (404, 68, 'C02', 'AND', 'C02-03');
INSERT INTO `tb_aturan` VALUES (405, 68, 'C03', 'AND', 'C03-02');
INSERT INTO `tb_aturan` VALUES (406, 68, 'C04', 'AND', 'C04-02');
INSERT INTO `tb_aturan` VALUES (407, 68, 'C05', 'AND', 'C05-02');
INSERT INTO `tb_aturan` VALUES (408, 68, 'C06', 'AND', 'C06-01');
INSERT INTO `tb_aturan` VALUES (409, 69, 'C01', 'AND', 'C01-01');
INSERT INTO `tb_aturan` VALUES (410, 69, 'C02', 'AND', 'C02-03');
INSERT INTO `tb_aturan` VALUES (411, 69, 'C03', 'AND', 'C03-02');
INSERT INTO `tb_aturan` VALUES (412, 69, 'C04', 'AND', 'C04-02');
INSERT INTO `tb_aturan` VALUES (413, 69, 'C05', 'AND', 'C05-03');
INSERT INTO `tb_aturan` VALUES (414, 69, 'C06', 'AND', 'C06-03');
INSERT INTO `tb_aturan` VALUES (415, 70, 'C01', 'AND', 'C01-01');
INSERT INTO `tb_aturan` VALUES (416, 70, 'C02', 'AND', 'C02-03');
INSERT INTO `tb_aturan` VALUES (417, 70, 'C03', 'AND', 'C03-02');
INSERT INTO `tb_aturan` VALUES (418, 70, 'C04', 'AND', 'C04-03');
INSERT INTO `tb_aturan` VALUES (419, 70, 'C05', 'AND', 'C05-01');
INSERT INTO `tb_aturan` VALUES (420, 70, 'C06', 'AND', 'C06-01');
INSERT INTO `tb_aturan` VALUES (421, 71, 'C01', 'AND', 'C01-01');
INSERT INTO `tb_aturan` VALUES (422, 71, 'C02', 'AND', 'C02-03');
INSERT INTO `tb_aturan` VALUES (423, 71, 'C03', 'AND', 'C03-02');
INSERT INTO `tb_aturan` VALUES (424, 71, 'C04', 'AND', 'C04-03');
INSERT INTO `tb_aturan` VALUES (425, 71, 'C05', 'AND', 'C05-02');
INSERT INTO `tb_aturan` VALUES (426, 71, 'C06', 'AND', 'C06-01');
INSERT INTO `tb_aturan` VALUES (427, 72, 'C01', 'AND', 'C01-01');
INSERT INTO `tb_aturan` VALUES (428, 72, 'C02', 'AND', 'C02-03');
INSERT INTO `tb_aturan` VALUES (429, 72, 'C03', 'AND', 'C03-02');
INSERT INTO `tb_aturan` VALUES (430, 72, 'C04', 'AND', 'C04-03');
INSERT INTO `tb_aturan` VALUES (431, 72, 'C05', 'AND', 'C05-03');
INSERT INTO `tb_aturan` VALUES (432, 72, 'C06', 'AND', 'C06-01');
INSERT INTO `tb_aturan` VALUES (433, 73, 'C01', 'AND', 'C01-01');
INSERT INTO `tb_aturan` VALUES (434, 73, 'C02', 'AND', 'C02-03');
INSERT INTO `tb_aturan` VALUES (435, 73, 'C03', 'AND', 'C03-03');
INSERT INTO `tb_aturan` VALUES (436, 73, 'C04', 'AND', 'C04-01');
INSERT INTO `tb_aturan` VALUES (437, 73, 'C05', 'AND', 'C05-01');
INSERT INTO `tb_aturan` VALUES (438, 73, 'C06', 'AND', 'C06-03');
INSERT INTO `tb_aturan` VALUES (439, 74, 'C01', 'AND', 'C01-01');
INSERT INTO `tb_aturan` VALUES (440, 74, 'C02', 'AND', 'C02-03');
INSERT INTO `tb_aturan` VALUES (441, 74, 'C03', 'AND', 'C03-03');
INSERT INTO `tb_aturan` VALUES (442, 74, 'C04', 'AND', 'C04-01');
INSERT INTO `tb_aturan` VALUES (443, 74, 'C05', 'AND', 'C05-02');
INSERT INTO `tb_aturan` VALUES (444, 74, 'C06', 'AND', 'C06-02');
INSERT INTO `tb_aturan` VALUES (445, 75, 'C01', 'AND', 'C01-01');
INSERT INTO `tb_aturan` VALUES (446, 75, 'C02', 'AND', 'C02-03');
INSERT INTO `tb_aturan` VALUES (447, 75, 'C03', 'AND', 'C03-03');
INSERT INTO `tb_aturan` VALUES (448, 75, 'C04', 'AND', 'C04-01');
INSERT INTO `tb_aturan` VALUES (449, 75, 'C05', 'AND', 'C05-03');
INSERT INTO `tb_aturan` VALUES (450, 75, 'C06', 'AND', 'C06-01');
INSERT INTO `tb_aturan` VALUES (451, 76, 'C01', 'AND', 'C01-01');
INSERT INTO `tb_aturan` VALUES (452, 76, 'C02', 'AND', 'C02-03');
INSERT INTO `tb_aturan` VALUES (453, 76, 'C03', 'AND', 'C03-03');
INSERT INTO `tb_aturan` VALUES (454, 76, 'C04', 'AND', 'C04-02');
INSERT INTO `tb_aturan` VALUES (455, 76, 'C05', 'AND', 'C05-01');
INSERT INTO `tb_aturan` VALUES (456, 76, 'C06', 'AND', 'C06-03');
INSERT INTO `tb_aturan` VALUES (457, 77, 'C01', 'AND', 'C01-01');
INSERT INTO `tb_aturan` VALUES (458, 77, 'C02', 'AND', 'C02-03');
INSERT INTO `tb_aturan` VALUES (459, 77, 'C03', 'AND', 'C03-03');
INSERT INTO `tb_aturan` VALUES (460, 77, 'C04', 'AND', 'C04-02');
INSERT INTO `tb_aturan` VALUES (461, 77, 'C05', 'AND', 'C05-02');
INSERT INTO `tb_aturan` VALUES (462, 77, 'C06', 'AND', 'C06-03');
INSERT INTO `tb_aturan` VALUES (463, 78, 'C01', 'AND', 'C01-01');
INSERT INTO `tb_aturan` VALUES (464, 78, 'C02', 'AND', 'C02-03');
INSERT INTO `tb_aturan` VALUES (465, 78, 'C03', 'AND', 'C03-03');
INSERT INTO `tb_aturan` VALUES (466, 78, 'C04', 'AND', 'C04-02');
INSERT INTO `tb_aturan` VALUES (467, 78, 'C05', 'AND', 'C05-03');
INSERT INTO `tb_aturan` VALUES (468, 78, 'C06', 'AND', 'C06-01');
INSERT INTO `tb_aturan` VALUES (469, 79, 'C01', 'AND', 'C01-01');
INSERT INTO `tb_aturan` VALUES (470, 79, 'C02', 'AND', 'C02-03');
INSERT INTO `tb_aturan` VALUES (471, 79, 'C03', 'AND', 'C03-03');
INSERT INTO `tb_aturan` VALUES (472, 79, 'C04', 'AND', 'C04-03');
INSERT INTO `tb_aturan` VALUES (473, 79, 'C05', 'AND', 'C05-01');
INSERT INTO `tb_aturan` VALUES (474, 79, 'C06', 'AND', 'C06-01');
INSERT INTO `tb_aturan` VALUES (475, 80, 'C01', 'AND', 'C01-01');
INSERT INTO `tb_aturan` VALUES (476, 80, 'C02', 'AND', 'C02-03');
INSERT INTO `tb_aturan` VALUES (477, 80, 'C03', 'AND', 'C03-03');
INSERT INTO `tb_aturan` VALUES (478, 80, 'C04', 'AND', 'C04-03');
INSERT INTO `tb_aturan` VALUES (479, 80, 'C05', 'AND', 'C05-02');
INSERT INTO `tb_aturan` VALUES (480, 80, 'C06', 'AND', 'C06-03');
INSERT INTO `tb_aturan` VALUES (481, 81, 'C01', 'AND', 'C01-01');
INSERT INTO `tb_aturan` VALUES (482, 81, 'C02', 'AND', 'C02-03');
INSERT INTO `tb_aturan` VALUES (483, 81, 'C03', 'AND', 'C03-03');
INSERT INTO `tb_aturan` VALUES (484, 81, 'C04', 'AND', 'C04-03');
INSERT INTO `tb_aturan` VALUES (485, 81, 'C05', 'AND', 'C05-03');
INSERT INTO `tb_aturan` VALUES (486, 81, 'C06', 'AND', 'C06-01');
INSERT INTO `tb_aturan` VALUES (487, 82, 'C01', 'AND', 'C01-02');
INSERT INTO `tb_aturan` VALUES (488, 82, 'C02', 'AND', 'C02-01');
INSERT INTO `tb_aturan` VALUES (489, 82, 'C03', 'AND', 'C03-01');
INSERT INTO `tb_aturan` VALUES (490, 82, 'C04', 'AND', 'C04-01');
INSERT INTO `tb_aturan` VALUES (491, 82, 'C05', 'AND', 'C05-01');
INSERT INTO `tb_aturan` VALUES (492, 82, 'C06', 'AND', 'C06-03');
INSERT INTO `tb_aturan` VALUES (493, 83, 'C01', 'AND', 'C01-02');
INSERT INTO `tb_aturan` VALUES (494, 83, 'C02', 'AND', 'C02-01');
INSERT INTO `tb_aturan` VALUES (495, 83, 'C03', 'AND', 'C03-01');
INSERT INTO `tb_aturan` VALUES (496, 83, 'C04', 'AND', 'C04-01');
INSERT INTO `tb_aturan` VALUES (497, 83, 'C05', 'AND', 'C05-02');
INSERT INTO `tb_aturan` VALUES (498, 83, 'C06', 'AND', 'C06-03');
INSERT INTO `tb_aturan` VALUES (499, 84, 'C01', 'AND', 'C01-02');
INSERT INTO `tb_aturan` VALUES (500, 84, 'C02', 'AND', 'C02-01');
INSERT INTO `tb_aturan` VALUES (501, 84, 'C03', 'AND', 'C03-01');
INSERT INTO `tb_aturan` VALUES (502, 84, 'C04', 'AND', 'C04-01');
INSERT INTO `tb_aturan` VALUES (503, 84, 'C05', 'AND', 'C05-03');
INSERT INTO `tb_aturan` VALUES (504, 84, 'C06', 'AND', 'C06-03');
INSERT INTO `tb_aturan` VALUES (505, 85, 'C01', 'AND', 'C01-02');
INSERT INTO `tb_aturan` VALUES (506, 85, 'C02', 'AND', 'C02-01');
INSERT INTO `tb_aturan` VALUES (507, 85, 'C03', 'AND', 'C03-01');
INSERT INTO `tb_aturan` VALUES (508, 85, 'C04', 'AND', 'C04-02');
INSERT INTO `tb_aturan` VALUES (509, 85, 'C05', 'AND', 'C05-01');
INSERT INTO `tb_aturan` VALUES (510, 85, 'C06', 'AND', 'C06-01');
INSERT INTO `tb_aturan` VALUES (511, 86, 'C01', 'AND', 'C01-02');
INSERT INTO `tb_aturan` VALUES (512, 86, 'C02', 'AND', 'C02-01');
INSERT INTO `tb_aturan` VALUES (513, 86, 'C03', 'AND', 'C03-01');
INSERT INTO `tb_aturan` VALUES (514, 86, 'C04', 'AND', 'C04-02');
INSERT INTO `tb_aturan` VALUES (515, 86, 'C05', 'AND', 'C05-02');
INSERT INTO `tb_aturan` VALUES (516, 86, 'C06', 'AND', 'C06-03');
INSERT INTO `tb_aturan` VALUES (517, 87, 'C01', 'AND', 'C01-02');
INSERT INTO `tb_aturan` VALUES (518, 87, 'C02', 'AND', 'C02-01');
INSERT INTO `tb_aturan` VALUES (519, 87, 'C03', 'AND', 'C03-01');
INSERT INTO `tb_aturan` VALUES (520, 87, 'C04', 'AND', 'C04-02');
INSERT INTO `tb_aturan` VALUES (521, 87, 'C05', 'AND', 'C05-03');
INSERT INTO `tb_aturan` VALUES (522, 87, 'C06', 'AND', 'C06-01');
INSERT INTO `tb_aturan` VALUES (523, 88, 'C01', 'AND', 'C01-02');
INSERT INTO `tb_aturan` VALUES (524, 88, 'C02', 'AND', 'C02-01');
INSERT INTO `tb_aturan` VALUES (525, 88, 'C03', 'AND', 'C03-01');
INSERT INTO `tb_aturan` VALUES (526, 88, 'C04', 'AND', 'C04-03');
INSERT INTO `tb_aturan` VALUES (527, 88, 'C05', 'AND', 'C05-01');
INSERT INTO `tb_aturan` VALUES (528, 88, 'C06', 'AND', 'C06-03');
INSERT INTO `tb_aturan` VALUES (529, 89, 'C01', 'AND', 'C01-02');
INSERT INTO `tb_aturan` VALUES (530, 89, 'C02', 'AND', 'C02-01');
INSERT INTO `tb_aturan` VALUES (531, 89, 'C03', 'AND', 'C03-01');
INSERT INTO `tb_aturan` VALUES (532, 89, 'C04', 'AND', 'C04-03');
INSERT INTO `tb_aturan` VALUES (533, 89, 'C05', 'AND', 'C05-02');
INSERT INTO `tb_aturan` VALUES (534, 89, 'C06', 'AND', 'C06-01');
INSERT INTO `tb_aturan` VALUES (535, 90, 'C01', 'AND', 'C01-02');
INSERT INTO `tb_aturan` VALUES (536, 90, 'C02', 'AND', 'C02-01');
INSERT INTO `tb_aturan` VALUES (537, 90, 'C03', 'AND', 'C03-01');
INSERT INTO `tb_aturan` VALUES (538, 90, 'C04', 'AND', 'C04-03');
INSERT INTO `tb_aturan` VALUES (539, 90, 'C05', 'AND', 'C05-03');
INSERT INTO `tb_aturan` VALUES (540, 90, 'C06', 'AND', 'C06-03');
INSERT INTO `tb_aturan` VALUES (541, 91, 'C01', 'AND', 'C01-02');
INSERT INTO `tb_aturan` VALUES (542, 91, 'C02', 'AND', 'C02-01');
INSERT INTO `tb_aturan` VALUES (543, 91, 'C03', 'AND', 'C03-02');
INSERT INTO `tb_aturan` VALUES (544, 91, 'C04', 'AND', 'C04-01');
INSERT INTO `tb_aturan` VALUES (545, 91, 'C05', 'AND', 'C05-01');
INSERT INTO `tb_aturan` VALUES (546, 91, 'C06', 'AND', 'C06-03');
INSERT INTO `tb_aturan` VALUES (547, 92, 'C01', 'AND', 'C01-02');
INSERT INTO `tb_aturan` VALUES (548, 92, 'C02', 'AND', 'C02-01');
INSERT INTO `tb_aturan` VALUES (549, 92, 'C03', 'AND', 'C03-02');
INSERT INTO `tb_aturan` VALUES (550, 92, 'C04', 'AND', 'C04-01');
INSERT INTO `tb_aturan` VALUES (551, 92, 'C05', 'AND', 'C05-02');
INSERT INTO `tb_aturan` VALUES (552, 92, 'C06', 'AND', 'C06-01');
INSERT INTO `tb_aturan` VALUES (553, 93, 'C01', 'AND', 'C01-02');
INSERT INTO `tb_aturan` VALUES (554, 93, 'C02', 'AND', 'C02-01');
INSERT INTO `tb_aturan` VALUES (555, 93, 'C03', 'AND', 'C03-02');
INSERT INTO `tb_aturan` VALUES (556, 93, 'C04', 'AND', 'C04-01');
INSERT INTO `tb_aturan` VALUES (557, 93, 'C05', 'AND', 'C05-03');
INSERT INTO `tb_aturan` VALUES (558, 93, 'C06', 'AND', 'C06-01');
INSERT INTO `tb_aturan` VALUES (559, 94, 'C01', 'AND', 'C01-02');
INSERT INTO `tb_aturan` VALUES (560, 94, 'C02', 'AND', 'C02-01');
INSERT INTO `tb_aturan` VALUES (561, 94, 'C03', 'AND', 'C03-02');
INSERT INTO `tb_aturan` VALUES (562, 94, 'C04', 'AND', 'C04-02');
INSERT INTO `tb_aturan` VALUES (563, 94, 'C05', 'AND', 'C05-01');
INSERT INTO `tb_aturan` VALUES (564, 94, 'C06', 'AND', 'C06-03');
INSERT INTO `tb_aturan` VALUES (565, 95, 'C01', 'AND', 'C01-02');
INSERT INTO `tb_aturan` VALUES (566, 95, 'C02', 'AND', 'C02-01');
INSERT INTO `tb_aturan` VALUES (567, 95, 'C03', 'AND', 'C03-02');
INSERT INTO `tb_aturan` VALUES (568, 95, 'C04', 'AND', 'C04-02');
INSERT INTO `tb_aturan` VALUES (569, 95, 'C05', 'AND', 'C05-02');
INSERT INTO `tb_aturan` VALUES (570, 95, 'C06', 'AND', 'C06-03');
INSERT INTO `tb_aturan` VALUES (571, 96, 'C01', 'AND', 'C01-02');
INSERT INTO `tb_aturan` VALUES (572, 96, 'C02', 'AND', 'C02-01');
INSERT INTO `tb_aturan` VALUES (573, 96, 'C03', 'AND', 'C03-02');
INSERT INTO `tb_aturan` VALUES (574, 96, 'C04', 'AND', 'C04-02');
INSERT INTO `tb_aturan` VALUES (575, 96, 'C05', 'AND', 'C05-03');
INSERT INTO `tb_aturan` VALUES (576, 96, 'C06', 'AND', 'C06-01');
INSERT INTO `tb_aturan` VALUES (577, 97, 'C01', 'AND', 'C01-02');
INSERT INTO `tb_aturan` VALUES (578, 97, 'C02', 'AND', 'C02-01');
INSERT INTO `tb_aturan` VALUES (579, 97, 'C03', 'AND', 'C03-02');
INSERT INTO `tb_aturan` VALUES (580, 97, 'C04', 'AND', 'C04-03');
INSERT INTO `tb_aturan` VALUES (581, 97, 'C05', 'AND', 'C05-01');
INSERT INTO `tb_aturan` VALUES (582, 97, 'C06', 'AND', 'C06-02');
INSERT INTO `tb_aturan` VALUES (583, 98, 'C01', 'AND', 'C01-02');
INSERT INTO `tb_aturan` VALUES (584, 98, 'C02', 'AND', 'C02-01');
INSERT INTO `tb_aturan` VALUES (585, 98, 'C03', 'AND', 'C03-02');
INSERT INTO `tb_aturan` VALUES (586, 98, 'C04', 'AND', 'C04-03');
INSERT INTO `tb_aturan` VALUES (587, 98, 'C05', 'AND', 'C05-02');
INSERT INTO `tb_aturan` VALUES (588, 98, 'C06', 'AND', 'C06-02');
INSERT INTO `tb_aturan` VALUES (589, 99, 'C01', 'AND', 'C01-02');
INSERT INTO `tb_aturan` VALUES (590, 99, 'C02', 'AND', 'C02-01');
INSERT INTO `tb_aturan` VALUES (591, 99, 'C03', 'AND', 'C03-02');
INSERT INTO `tb_aturan` VALUES (592, 99, 'C04', 'AND', 'C04-03');
INSERT INTO `tb_aturan` VALUES (593, 99, 'C05', 'AND', 'C05-03');
INSERT INTO `tb_aturan` VALUES (594, 99, 'C06', 'AND', 'C06-03');
INSERT INTO `tb_aturan` VALUES (595, 100, 'C01', 'AND', 'C01-02');
INSERT INTO `tb_aturan` VALUES (596, 100, 'C02', 'AND', 'C02-01');
INSERT INTO `tb_aturan` VALUES (597, 100, 'C03', 'AND', 'C03-03');
INSERT INTO `tb_aturan` VALUES (598, 100, 'C04', 'AND', 'C04-01');
INSERT INTO `tb_aturan` VALUES (599, 100, 'C05', 'AND', 'C05-01');
INSERT INTO `tb_aturan` VALUES (600, 100, 'C06', 'AND', 'C06-03');
INSERT INTO `tb_aturan` VALUES (601, 101, 'C01', 'AND', 'C01-02');
INSERT INTO `tb_aturan` VALUES (602, 101, 'C02', 'AND', 'C02-01');
INSERT INTO `tb_aturan` VALUES (603, 101, 'C03', 'AND', 'C03-03');
INSERT INTO `tb_aturan` VALUES (604, 101, 'C04', 'AND', 'C04-01');
INSERT INTO `tb_aturan` VALUES (605, 101, 'C05', 'AND', 'C05-02');
INSERT INTO `tb_aturan` VALUES (606, 101, 'C06', 'AND', 'C06-02');
INSERT INTO `tb_aturan` VALUES (607, 102, 'C01', 'AND', 'C01-02');
INSERT INTO `tb_aturan` VALUES (608, 102, 'C02', 'AND', 'C02-01');
INSERT INTO `tb_aturan` VALUES (609, 102, 'C03', 'AND', 'C03-03');
INSERT INTO `tb_aturan` VALUES (610, 102, 'C04', 'AND', 'C04-01');
INSERT INTO `tb_aturan` VALUES (611, 102, 'C05', 'AND', 'C05-03');
INSERT INTO `tb_aturan` VALUES (612, 102, 'C06', 'AND', 'C06-01');
INSERT INTO `tb_aturan` VALUES (613, 103, 'C01', 'AND', 'C01-02');
INSERT INTO `tb_aturan` VALUES (614, 103, 'C02', 'AND', 'C02-01');
INSERT INTO `tb_aturan` VALUES (615, 103, 'C03', 'AND', 'C03-03');
INSERT INTO `tb_aturan` VALUES (616, 103, 'C04', 'AND', 'C04-02');
INSERT INTO `tb_aturan` VALUES (617, 103, 'C05', 'AND', 'C05-01');
INSERT INTO `tb_aturan` VALUES (618, 103, 'C06', 'AND', 'C06-02');
INSERT INTO `tb_aturan` VALUES (619, 104, 'C01', 'AND', 'C01-02');
INSERT INTO `tb_aturan` VALUES (620, 104, 'C02', 'AND', 'C02-01');
INSERT INTO `tb_aturan` VALUES (621, 104, 'C03', 'AND', 'C03-03');
INSERT INTO `tb_aturan` VALUES (622, 104, 'C04', 'AND', 'C04-02');
INSERT INTO `tb_aturan` VALUES (623, 104, 'C05', 'AND', 'C05-02');
INSERT INTO `tb_aturan` VALUES (624, 104, 'C06', 'AND', 'C06-03');
INSERT INTO `tb_aturan` VALUES (625, 105, 'C01', 'AND', 'C01-02');
INSERT INTO `tb_aturan` VALUES (626, 105, 'C02', 'AND', 'C02-01');
INSERT INTO `tb_aturan` VALUES (627, 105, 'C03', 'AND', 'C03-03');
INSERT INTO `tb_aturan` VALUES (628, 105, 'C04', 'AND', 'C04-02');
INSERT INTO `tb_aturan` VALUES (629, 105, 'C05', 'AND', 'C05-03');
INSERT INTO `tb_aturan` VALUES (630, 105, 'C06', 'AND', 'C06-03');
INSERT INTO `tb_aturan` VALUES (631, 106, 'C01', 'AND', 'C01-02');
INSERT INTO `tb_aturan` VALUES (632, 106, 'C02', 'AND', 'C02-01');
INSERT INTO `tb_aturan` VALUES (633, 106, 'C03', 'AND', 'C03-03');
INSERT INTO `tb_aturan` VALUES (634, 106, 'C04', 'AND', 'C04-03');
INSERT INTO `tb_aturan` VALUES (635, 106, 'C05', 'AND', 'C05-01');
INSERT INTO `tb_aturan` VALUES (636, 106, 'C06', 'AND', 'C06-02');
INSERT INTO `tb_aturan` VALUES (637, 107, 'C01', 'AND', 'C01-02');
INSERT INTO `tb_aturan` VALUES (638, 107, 'C02', 'AND', 'C02-01');
INSERT INTO `tb_aturan` VALUES (639, 107, 'C03', 'AND', 'C03-03');
INSERT INTO `tb_aturan` VALUES (640, 107, 'C04', 'AND', 'C04-03');
INSERT INTO `tb_aturan` VALUES (641, 107, 'C05', 'AND', 'C05-02');
INSERT INTO `tb_aturan` VALUES (642, 107, 'C06', 'AND', 'C06-01');
INSERT INTO `tb_aturan` VALUES (643, 108, 'C01', 'AND', 'C01-02');
INSERT INTO `tb_aturan` VALUES (644, 108, 'C02', 'AND', 'C02-01');
INSERT INTO `tb_aturan` VALUES (645, 108, 'C03', 'AND', 'C03-03');
INSERT INTO `tb_aturan` VALUES (646, 108, 'C04', 'AND', 'C04-03');
INSERT INTO `tb_aturan` VALUES (647, 108, 'C05', 'AND', 'C05-03');
INSERT INTO `tb_aturan` VALUES (648, 108, 'C06', 'AND', 'C06-03');
INSERT INTO `tb_aturan` VALUES (649, 109, 'C01', 'AND', 'C01-02');
INSERT INTO `tb_aturan` VALUES (650, 109, 'C02', 'AND', 'C02-02');
INSERT INTO `tb_aturan` VALUES (651, 109, 'C03', 'AND', 'C03-01');
INSERT INTO `tb_aturan` VALUES (652, 109, 'C04', 'AND', 'C04-01');
INSERT INTO `tb_aturan` VALUES (653, 109, 'C05', 'AND', 'C05-01');
INSERT INTO `tb_aturan` VALUES (654, 109, 'C06', 'AND', 'C06-02');
INSERT INTO `tb_aturan` VALUES (655, 110, 'C01', 'AND', 'C01-02');
INSERT INTO `tb_aturan` VALUES (656, 110, 'C02', 'AND', 'C02-02');
INSERT INTO `tb_aturan` VALUES (657, 110, 'C03', 'AND', 'C03-01');
INSERT INTO `tb_aturan` VALUES (658, 110, 'C04', 'AND', 'C04-01');
INSERT INTO `tb_aturan` VALUES (659, 110, 'C05', 'AND', 'C05-02');
INSERT INTO `tb_aturan` VALUES (660, 110, 'C06', 'AND', 'C06-01');
INSERT INTO `tb_aturan` VALUES (661, 111, 'C01', 'AND', 'C01-02');
INSERT INTO `tb_aturan` VALUES (662, 111, 'C02', 'AND', 'C02-02');
INSERT INTO `tb_aturan` VALUES (663, 111, 'C03', 'AND', 'C03-01');
INSERT INTO `tb_aturan` VALUES (664, 111, 'C04', 'AND', 'C04-01');
INSERT INTO `tb_aturan` VALUES (665, 111, 'C05', 'AND', 'C05-03');
INSERT INTO `tb_aturan` VALUES (666, 111, 'C06', 'AND', 'C06-03');
INSERT INTO `tb_aturan` VALUES (667, 112, 'C01', 'AND', 'C01-02');
INSERT INTO `tb_aturan` VALUES (668, 112, 'C02', 'AND', 'C02-02');
INSERT INTO `tb_aturan` VALUES (669, 112, 'C03', 'AND', 'C03-01');
INSERT INTO `tb_aturan` VALUES (670, 112, 'C04', 'AND', 'C04-02');
INSERT INTO `tb_aturan` VALUES (671, 112, 'C05', 'AND', 'C05-01');
INSERT INTO `tb_aturan` VALUES (672, 112, 'C06', 'AND', 'C06-01');
INSERT INTO `tb_aturan` VALUES (673, 113, 'C01', 'AND', 'C01-02');
INSERT INTO `tb_aturan` VALUES (674, 113, 'C02', 'AND', 'C02-02');
INSERT INTO `tb_aturan` VALUES (675, 113, 'C03', 'AND', 'C03-01');
INSERT INTO `tb_aturan` VALUES (676, 113, 'C04', 'AND', 'C04-02');
INSERT INTO `tb_aturan` VALUES (677, 113, 'C05', 'AND', 'C05-02');
INSERT INTO `tb_aturan` VALUES (678, 113, 'C06', 'AND', 'C06-02');
INSERT INTO `tb_aturan` VALUES (679, 114, 'C01', 'AND', 'C01-02');
INSERT INTO `tb_aturan` VALUES (680, 114, 'C02', 'AND', 'C02-02');
INSERT INTO `tb_aturan` VALUES (681, 114, 'C03', 'AND', 'C03-01');
INSERT INTO `tb_aturan` VALUES (682, 114, 'C04', 'AND', 'C04-02');
INSERT INTO `tb_aturan` VALUES (683, 114, 'C05', 'AND', 'C05-03');
INSERT INTO `tb_aturan` VALUES (684, 114, 'C06', 'AND', 'C06-03');
INSERT INTO `tb_aturan` VALUES (685, 115, 'C01', 'AND', 'C01-02');
INSERT INTO `tb_aturan` VALUES (686, 115, 'C02', 'AND', 'C02-02');
INSERT INTO `tb_aturan` VALUES (687, 115, 'C03', 'AND', 'C03-01');
INSERT INTO `tb_aturan` VALUES (688, 115, 'C04', 'AND', 'C04-03');
INSERT INTO `tb_aturan` VALUES (689, 115, 'C05', 'AND', 'C05-01');
INSERT INTO `tb_aturan` VALUES (690, 115, 'C06', 'AND', 'C06-01');
INSERT INTO `tb_aturan` VALUES (691, 116, 'C01', 'AND', 'C01-02');
INSERT INTO `tb_aturan` VALUES (692, 116, 'C02', 'AND', 'C02-02');
INSERT INTO `tb_aturan` VALUES (693, 116, 'C03', 'AND', 'C03-01');
INSERT INTO `tb_aturan` VALUES (694, 116, 'C04', 'AND', 'C04-03');
INSERT INTO `tb_aturan` VALUES (695, 116, 'C05', 'AND', 'C05-02');
INSERT INTO `tb_aturan` VALUES (696, 116, 'C06', 'AND', 'C06-03');
INSERT INTO `tb_aturan` VALUES (697, 117, 'C01', 'AND', 'C01-02');
INSERT INTO `tb_aturan` VALUES (698, 117, 'C02', 'AND', 'C02-02');
INSERT INTO `tb_aturan` VALUES (699, 117, 'C03', 'AND', 'C03-01');
INSERT INTO `tb_aturan` VALUES (700, 117, 'C04', 'AND', 'C04-03');
INSERT INTO `tb_aturan` VALUES (701, 117, 'C05', 'AND', 'C05-03');
INSERT INTO `tb_aturan` VALUES (702, 117, 'C06', 'AND', 'C06-03');
INSERT INTO `tb_aturan` VALUES (703, 118, 'C01', 'AND', 'C01-02');
INSERT INTO `tb_aturan` VALUES (704, 118, 'C02', 'AND', 'C02-02');
INSERT INTO `tb_aturan` VALUES (705, 118, 'C03', 'AND', 'C03-02');
INSERT INTO `tb_aturan` VALUES (706, 118, 'C04', 'AND', 'C04-01');
INSERT INTO `tb_aturan` VALUES (707, 118, 'C05', 'AND', 'C05-01');
INSERT INTO `tb_aturan` VALUES (708, 118, 'C06', 'AND', 'C06-01');
INSERT INTO `tb_aturan` VALUES (709, 119, 'C01', 'AND', 'C01-02');
INSERT INTO `tb_aturan` VALUES (710, 119, 'C02', 'AND', 'C02-02');
INSERT INTO `tb_aturan` VALUES (711, 119, 'C03', 'AND', 'C03-02');
INSERT INTO `tb_aturan` VALUES (712, 119, 'C04', 'AND', 'C04-01');
INSERT INTO `tb_aturan` VALUES (713, 119, 'C05', 'AND', 'C05-02');
INSERT INTO `tb_aturan` VALUES (714, 119, 'C06', 'AND', 'C06-01');
INSERT INTO `tb_aturan` VALUES (715, 120, 'C01', 'AND', 'C01-02');
INSERT INTO `tb_aturan` VALUES (716, 120, 'C02', 'AND', 'C02-02');
INSERT INTO `tb_aturan` VALUES (717, 120, 'C03', 'AND', 'C03-02');
INSERT INTO `tb_aturan` VALUES (718, 120, 'C04', 'AND', 'C04-01');
INSERT INTO `tb_aturan` VALUES (719, 120, 'C05', 'AND', 'C05-03');
INSERT INTO `tb_aturan` VALUES (720, 120, 'C06', 'AND', 'C06-02');
INSERT INTO `tb_aturan` VALUES (721, 121, 'C01', 'AND', 'C01-02');
INSERT INTO `tb_aturan` VALUES (722, 121, 'C02', 'AND', 'C02-02');
INSERT INTO `tb_aturan` VALUES (723, 121, 'C03', 'AND', 'C03-02');
INSERT INTO `tb_aturan` VALUES (724, 121, 'C04', 'AND', 'C04-02');
INSERT INTO `tb_aturan` VALUES (725, 121, 'C05', 'AND', 'C05-01');
INSERT INTO `tb_aturan` VALUES (726, 121, 'C06', 'AND', 'C06-01');
INSERT INTO `tb_aturan` VALUES (727, 122, 'C01', 'AND', 'C01-02');
INSERT INTO `tb_aturan` VALUES (728, 122, 'C02', 'AND', 'C02-02');
INSERT INTO `tb_aturan` VALUES (729, 122, 'C03', 'AND', 'C03-02');
INSERT INTO `tb_aturan` VALUES (730, 122, 'C04', 'AND', 'C04-02');
INSERT INTO `tb_aturan` VALUES (731, 122, 'C05', 'AND', 'C05-02');
INSERT INTO `tb_aturan` VALUES (732, 122, 'C06', 'AND', 'C06-01');
INSERT INTO `tb_aturan` VALUES (733, 123, 'C01', 'AND', 'C01-02');
INSERT INTO `tb_aturan` VALUES (734, 123, 'C02', 'AND', 'C02-02');
INSERT INTO `tb_aturan` VALUES (735, 123, 'C03', 'AND', 'C03-02');
INSERT INTO `tb_aturan` VALUES (736, 123, 'C04', 'AND', 'C04-02');
INSERT INTO `tb_aturan` VALUES (737, 123, 'C05', 'AND', 'C05-03');
INSERT INTO `tb_aturan` VALUES (738, 123, 'C06', 'AND', 'C06-02');
INSERT INTO `tb_aturan` VALUES (739, 124, 'C01', 'AND', 'C01-02');
INSERT INTO `tb_aturan` VALUES (740, 124, 'C02', 'AND', 'C02-02');
INSERT INTO `tb_aturan` VALUES (741, 124, 'C03', 'AND', 'C03-02');
INSERT INTO `tb_aturan` VALUES (742, 124, 'C04', 'AND', 'C04-03');
INSERT INTO `tb_aturan` VALUES (743, 124, 'C05', 'AND', 'C05-01');
INSERT INTO `tb_aturan` VALUES (744, 124, 'C06', 'AND', 'C06-01');
INSERT INTO `tb_aturan` VALUES (745, 125, 'C01', 'AND', 'C01-02');
INSERT INTO `tb_aturan` VALUES (746, 125, 'C02', 'AND', 'C02-02');
INSERT INTO `tb_aturan` VALUES (747, 125, 'C03', 'AND', 'C03-02');
INSERT INTO `tb_aturan` VALUES (748, 125, 'C04', 'AND', 'C04-03');
INSERT INTO `tb_aturan` VALUES (749, 125, 'C05', 'AND', 'C05-02');
INSERT INTO `tb_aturan` VALUES (750, 125, 'C06', 'AND', 'C06-02');
INSERT INTO `tb_aturan` VALUES (751, 126, 'C01', 'AND', 'C01-02');
INSERT INTO `tb_aturan` VALUES (752, 126, 'C02', 'AND', 'C02-02');
INSERT INTO `tb_aturan` VALUES (753, 126, 'C03', 'AND', 'C03-02');
INSERT INTO `tb_aturan` VALUES (754, 126, 'C04', 'AND', 'C04-03');
INSERT INTO `tb_aturan` VALUES (755, 126, 'C05', 'AND', 'C05-03');
INSERT INTO `tb_aturan` VALUES (756, 126, 'C06', 'AND', 'C06-01');
INSERT INTO `tb_aturan` VALUES (757, 127, 'C01', 'AND', 'C01-02');
INSERT INTO `tb_aturan` VALUES (758, 127, 'C02', 'AND', 'C02-02');
INSERT INTO `tb_aturan` VALUES (759, 127, 'C03', 'AND', 'C03-03');
INSERT INTO `tb_aturan` VALUES (760, 127, 'C04', 'AND', 'C04-01');
INSERT INTO `tb_aturan` VALUES (761, 127, 'C05', 'AND', 'C05-01');
INSERT INTO `tb_aturan` VALUES (762, 127, 'C06', 'AND', 'C06-01');
INSERT INTO `tb_aturan` VALUES (763, 128, 'C01', 'AND', 'C01-02');
INSERT INTO `tb_aturan` VALUES (764, 128, 'C02', 'AND', 'C02-02');
INSERT INTO `tb_aturan` VALUES (765, 128, 'C03', 'AND', 'C03-03');
INSERT INTO `tb_aturan` VALUES (766, 128, 'C04', 'AND', 'C04-01');
INSERT INTO `tb_aturan` VALUES (767, 128, 'C05', 'AND', 'C05-02');
INSERT INTO `tb_aturan` VALUES (768, 128, 'C06', 'AND', 'C06-03');
INSERT INTO `tb_aturan` VALUES (769, 129, 'C01', 'AND', 'C01-02');
INSERT INTO `tb_aturan` VALUES (770, 129, 'C02', 'AND', 'C02-02');
INSERT INTO `tb_aturan` VALUES (771, 129, 'C03', 'AND', 'C03-03');
INSERT INTO `tb_aturan` VALUES (772, 129, 'C04', 'AND', 'C04-01');
INSERT INTO `tb_aturan` VALUES (773, 129, 'C05', 'AND', 'C05-03');
INSERT INTO `tb_aturan` VALUES (774, 129, 'C06', 'AND', 'C06-03');
INSERT INTO `tb_aturan` VALUES (775, 130, 'C01', 'AND', 'C01-02');
INSERT INTO `tb_aturan` VALUES (776, 130, 'C02', 'AND', 'C02-02');
INSERT INTO `tb_aturan` VALUES (777, 130, 'C03', 'AND', 'C03-03');
INSERT INTO `tb_aturan` VALUES (778, 130, 'C04', 'AND', 'C04-02');
INSERT INTO `tb_aturan` VALUES (779, 130, 'C05', 'AND', 'C05-01');
INSERT INTO `tb_aturan` VALUES (780, 130, 'C06', 'AND', 'C06-03');
INSERT INTO `tb_aturan` VALUES (781, 131, 'C01', 'AND', 'C01-02');
INSERT INTO `tb_aturan` VALUES (782, 131, 'C02', 'AND', 'C02-02');
INSERT INTO `tb_aturan` VALUES (783, 131, 'C03', 'AND', 'C03-03');
INSERT INTO `tb_aturan` VALUES (784, 131, 'C04', 'AND', 'C04-02');
INSERT INTO `tb_aturan` VALUES (785, 131, 'C05', 'AND', 'C05-02');
INSERT INTO `tb_aturan` VALUES (786, 131, 'C06', 'AND', 'C06-01');
INSERT INTO `tb_aturan` VALUES (787, 132, 'C01', 'AND', 'C01-02');
INSERT INTO `tb_aturan` VALUES (788, 132, 'C02', 'AND', 'C02-02');
INSERT INTO `tb_aturan` VALUES (789, 132, 'C03', 'AND', 'C03-03');
INSERT INTO `tb_aturan` VALUES (790, 132, 'C04', 'AND', 'C04-02');
INSERT INTO `tb_aturan` VALUES (791, 132, 'C05', 'AND', 'C05-03');
INSERT INTO `tb_aturan` VALUES (792, 132, 'C06', 'AND', 'C06-01');
INSERT INTO `tb_aturan` VALUES (793, 133, 'C01', 'AND', 'C01-02');
INSERT INTO `tb_aturan` VALUES (794, 133, 'C02', 'AND', 'C02-02');
INSERT INTO `tb_aturan` VALUES (795, 133, 'C03', 'AND', 'C03-03');
INSERT INTO `tb_aturan` VALUES (796, 133, 'C04', 'AND', 'C04-03');
INSERT INTO `tb_aturan` VALUES (797, 133, 'C05', 'AND', 'C05-01');
INSERT INTO `tb_aturan` VALUES (798, 133, 'C06', 'AND', 'C06-01');
INSERT INTO `tb_aturan` VALUES (799, 134, 'C01', 'AND', 'C01-02');
INSERT INTO `tb_aturan` VALUES (800, 134, 'C02', 'AND', 'C02-02');
INSERT INTO `tb_aturan` VALUES (801, 134, 'C03', 'AND', 'C03-03');
INSERT INTO `tb_aturan` VALUES (802, 134, 'C04', 'AND', 'C04-03');
INSERT INTO `tb_aturan` VALUES (803, 134, 'C05', 'AND', 'C05-02');
INSERT INTO `tb_aturan` VALUES (804, 134, 'C06', 'AND', 'C06-03');
INSERT INTO `tb_aturan` VALUES (805, 135, 'C01', 'AND', 'C01-02');
INSERT INTO `tb_aturan` VALUES (806, 135, 'C02', 'AND', 'C02-02');
INSERT INTO `tb_aturan` VALUES (807, 135, 'C03', 'AND', 'C03-03');
INSERT INTO `tb_aturan` VALUES (808, 135, 'C04', 'AND', 'C04-03');
INSERT INTO `tb_aturan` VALUES (809, 135, 'C05', 'AND', 'C05-03');
INSERT INTO `tb_aturan` VALUES (810, 135, 'C06', 'AND', 'C06-02');
INSERT INTO `tb_aturan` VALUES (811, 136, 'C01', 'AND', 'C01-02');
INSERT INTO `tb_aturan` VALUES (812, 136, 'C02', 'AND', 'C02-03');
INSERT INTO `tb_aturan` VALUES (813, 136, 'C03', 'AND', 'C03-01');
INSERT INTO `tb_aturan` VALUES (814, 136, 'C04', 'AND', 'C04-01');
INSERT INTO `tb_aturan` VALUES (815, 136, 'C05', 'AND', 'C05-01');
INSERT INTO `tb_aturan` VALUES (816, 136, 'C06', 'AND', 'C06-01');
INSERT INTO `tb_aturan` VALUES (817, 137, 'C01', 'AND', 'C01-02');
INSERT INTO `tb_aturan` VALUES (818, 137, 'C02', 'AND', 'C02-03');
INSERT INTO `tb_aturan` VALUES (819, 137, 'C03', 'AND', 'C03-01');
INSERT INTO `tb_aturan` VALUES (820, 137, 'C04', 'AND', 'C04-01');
INSERT INTO `tb_aturan` VALUES (821, 137, 'C05', 'AND', 'C05-02');
INSERT INTO `tb_aturan` VALUES (822, 137, 'C06', 'AND', 'C06-01');
INSERT INTO `tb_aturan` VALUES (823, 138, 'C01', 'AND', 'C01-02');
INSERT INTO `tb_aturan` VALUES (824, 138, 'C02', 'AND', 'C02-03');
INSERT INTO `tb_aturan` VALUES (825, 138, 'C03', 'AND', 'C03-01');
INSERT INTO `tb_aturan` VALUES (826, 138, 'C04', 'AND', 'C04-01');
INSERT INTO `tb_aturan` VALUES (827, 138, 'C05', 'AND', 'C05-03');
INSERT INTO `tb_aturan` VALUES (828, 138, 'C06', 'AND', 'C06-01');
INSERT INTO `tb_aturan` VALUES (829, 139, 'C01', 'AND', 'C01-02');
INSERT INTO `tb_aturan` VALUES (830, 139, 'C02', 'AND', 'C02-03');
INSERT INTO `tb_aturan` VALUES (831, 139, 'C03', 'AND', 'C03-01');
INSERT INTO `tb_aturan` VALUES (832, 139, 'C04', 'AND', 'C04-02');
INSERT INTO `tb_aturan` VALUES (833, 139, 'C05', 'AND', 'C05-01');
INSERT INTO `tb_aturan` VALUES (834, 139, 'C06', 'AND', 'C06-01');
INSERT INTO `tb_aturan` VALUES (835, 140, 'C01', 'AND', 'C01-02');
INSERT INTO `tb_aturan` VALUES (836, 140, 'C02', 'AND', 'C02-03');
INSERT INTO `tb_aturan` VALUES (837, 140, 'C03', 'AND', 'C03-01');
INSERT INTO `tb_aturan` VALUES (838, 140, 'C04', 'AND', 'C04-02');
INSERT INTO `tb_aturan` VALUES (839, 140, 'C05', 'AND', 'C05-02');
INSERT INTO `tb_aturan` VALUES (840, 140, 'C06', 'AND', 'C06-01');
INSERT INTO `tb_aturan` VALUES (841, 141, 'C01', 'AND', 'C01-02');
INSERT INTO `tb_aturan` VALUES (842, 141, 'C02', 'AND', 'C02-03');
INSERT INTO `tb_aturan` VALUES (843, 141, 'C03', 'AND', 'C03-01');
INSERT INTO `tb_aturan` VALUES (844, 141, 'C04', 'AND', 'C04-02');
INSERT INTO `tb_aturan` VALUES (845, 141, 'C05', 'AND', 'C05-03');
INSERT INTO `tb_aturan` VALUES (846, 141, 'C06', 'AND', 'C06-02');
INSERT INTO `tb_aturan` VALUES (847, 142, 'C01', 'AND', 'C01-02');
INSERT INTO `tb_aturan` VALUES (848, 142, 'C02', 'AND', 'C02-03');
INSERT INTO `tb_aturan` VALUES (849, 142, 'C03', 'AND', 'C03-01');
INSERT INTO `tb_aturan` VALUES (850, 142, 'C04', 'AND', 'C04-03');
INSERT INTO `tb_aturan` VALUES (851, 142, 'C05', 'AND', 'C05-01');
INSERT INTO `tb_aturan` VALUES (852, 142, 'C06', 'AND', 'C06-03');
INSERT INTO `tb_aturan` VALUES (853, 143, 'C01', 'AND', 'C01-02');
INSERT INTO `tb_aturan` VALUES (854, 143, 'C02', 'AND', 'C02-03');
INSERT INTO `tb_aturan` VALUES (855, 143, 'C03', 'AND', 'C03-01');
INSERT INTO `tb_aturan` VALUES (856, 143, 'C04', 'AND', 'C04-03');
INSERT INTO `tb_aturan` VALUES (857, 143, 'C05', 'AND', 'C05-02');
INSERT INTO `tb_aturan` VALUES (858, 143, 'C06', 'AND', 'C06-01');
INSERT INTO `tb_aturan` VALUES (859, 144, 'C01', 'AND', 'C01-02');
INSERT INTO `tb_aturan` VALUES (860, 144, 'C02', 'AND', 'C02-03');
INSERT INTO `tb_aturan` VALUES (861, 144, 'C03', 'AND', 'C03-01');
INSERT INTO `tb_aturan` VALUES (862, 144, 'C04', 'AND', 'C04-03');
INSERT INTO `tb_aturan` VALUES (863, 144, 'C05', 'AND', 'C05-03');
INSERT INTO `tb_aturan` VALUES (864, 144, 'C06', 'AND', 'C06-02');
INSERT INTO `tb_aturan` VALUES (865, 145, 'C01', 'AND', 'C01-02');
INSERT INTO `tb_aturan` VALUES (866, 145, 'C02', 'AND', 'C02-03');
INSERT INTO `tb_aturan` VALUES (867, 145, 'C03', 'AND', 'C03-02');
INSERT INTO `tb_aturan` VALUES (868, 145, 'C04', 'AND', 'C04-01');
INSERT INTO `tb_aturan` VALUES (869, 145, 'C05', 'AND', 'C05-01');
INSERT INTO `tb_aturan` VALUES (870, 145, 'C06', 'AND', 'C06-02');
INSERT INTO `tb_aturan` VALUES (871, 146, 'C01', 'AND', 'C01-02');
INSERT INTO `tb_aturan` VALUES (872, 146, 'C02', 'AND', 'C02-03');
INSERT INTO `tb_aturan` VALUES (873, 146, 'C03', 'AND', 'C03-02');
INSERT INTO `tb_aturan` VALUES (874, 146, 'C04', 'AND', 'C04-01');
INSERT INTO `tb_aturan` VALUES (875, 146, 'C05', 'AND', 'C05-02');
INSERT INTO `tb_aturan` VALUES (876, 146, 'C06', 'AND', 'C06-03');
INSERT INTO `tb_aturan` VALUES (877, 147, 'C01', 'AND', 'C01-02');
INSERT INTO `tb_aturan` VALUES (878, 147, 'C02', 'AND', 'C02-03');
INSERT INTO `tb_aturan` VALUES (879, 147, 'C03', 'AND', 'C03-02');
INSERT INTO `tb_aturan` VALUES (880, 147, 'C04', 'AND', 'C04-01');
INSERT INTO `tb_aturan` VALUES (881, 147, 'C05', 'AND', 'C05-03');
INSERT INTO `tb_aturan` VALUES (882, 147, 'C06', 'AND', 'C06-02');
INSERT INTO `tb_aturan` VALUES (883, 148, 'C01', 'AND', 'C01-02');
INSERT INTO `tb_aturan` VALUES (884, 148, 'C02', 'AND', 'C02-03');
INSERT INTO `tb_aturan` VALUES (885, 148, 'C03', 'AND', 'C03-02');
INSERT INTO `tb_aturan` VALUES (886, 148, 'C04', 'AND', 'C04-02');
INSERT INTO `tb_aturan` VALUES (887, 148, 'C05', 'AND', 'C05-01');
INSERT INTO `tb_aturan` VALUES (888, 148, 'C06', 'AND', 'C06-01');
INSERT INTO `tb_aturan` VALUES (889, 149, 'C01', 'AND', 'C01-02');
INSERT INTO `tb_aturan` VALUES (890, 149, 'C02', 'AND', 'C02-03');
INSERT INTO `tb_aturan` VALUES (891, 149, 'C03', 'AND', 'C03-02');
INSERT INTO `tb_aturan` VALUES (892, 149, 'C04', 'AND', 'C04-02');
INSERT INTO `tb_aturan` VALUES (893, 149, 'C05', 'AND', 'C05-02');
INSERT INTO `tb_aturan` VALUES (894, 149, 'C06', 'AND', 'C06-03');
INSERT INTO `tb_aturan` VALUES (895, 150, 'C01', 'AND', 'C01-02');
INSERT INTO `tb_aturan` VALUES (896, 150, 'C02', 'AND', 'C02-03');
INSERT INTO `tb_aturan` VALUES (897, 150, 'C03', 'AND', 'C03-02');
INSERT INTO `tb_aturan` VALUES (898, 150, 'C04', 'AND', 'C04-02');
INSERT INTO `tb_aturan` VALUES (899, 150, 'C05', 'AND', 'C05-03');
INSERT INTO `tb_aturan` VALUES (900, 150, 'C06', 'AND', 'C06-01');
INSERT INTO `tb_aturan` VALUES (901, 151, 'C01', 'AND', 'C01-02');
INSERT INTO `tb_aturan` VALUES (902, 151, 'C02', 'AND', 'C02-03');
INSERT INTO `tb_aturan` VALUES (903, 151, 'C03', 'AND', 'C03-02');
INSERT INTO `tb_aturan` VALUES (904, 151, 'C04', 'AND', 'C04-03');
INSERT INTO `tb_aturan` VALUES (905, 151, 'C05', 'AND', 'C05-01');
INSERT INTO `tb_aturan` VALUES (906, 151, 'C06', 'AND', 'C06-01');
INSERT INTO `tb_aturan` VALUES (907, 152, 'C01', 'AND', 'C01-02');
INSERT INTO `tb_aturan` VALUES (908, 152, 'C02', 'AND', 'C02-03');
INSERT INTO `tb_aturan` VALUES (909, 152, 'C03', 'AND', 'C03-02');
INSERT INTO `tb_aturan` VALUES (910, 152, 'C04', 'AND', 'C04-03');
INSERT INTO `tb_aturan` VALUES (911, 152, 'C05', 'AND', 'C05-02');
INSERT INTO `tb_aturan` VALUES (912, 152, 'C06', 'AND', 'C06-02');
INSERT INTO `tb_aturan` VALUES (913, 153, 'C01', 'AND', 'C01-02');
INSERT INTO `tb_aturan` VALUES (914, 153, 'C02', 'AND', 'C02-03');
INSERT INTO `tb_aturan` VALUES (915, 153, 'C03', 'AND', 'C03-02');
INSERT INTO `tb_aturan` VALUES (916, 153, 'C04', 'AND', 'C04-03');
INSERT INTO `tb_aturan` VALUES (917, 153, 'C05', 'AND', 'C05-03');
INSERT INTO `tb_aturan` VALUES (918, 153, 'C06', 'AND', 'C06-02');
INSERT INTO `tb_aturan` VALUES (919, 154, 'C01', 'AND', 'C01-02');
INSERT INTO `tb_aturan` VALUES (920, 154, 'C02', 'AND', 'C02-03');
INSERT INTO `tb_aturan` VALUES (921, 154, 'C03', 'AND', 'C03-03');
INSERT INTO `tb_aturan` VALUES (922, 154, 'C04', 'AND', 'C04-01');
INSERT INTO `tb_aturan` VALUES (923, 154, 'C05', 'AND', 'C05-01');
INSERT INTO `tb_aturan` VALUES (924, 154, 'C06', 'AND', 'C06-03');
INSERT INTO `tb_aturan` VALUES (925, 155, 'C01', 'AND', 'C01-02');
INSERT INTO `tb_aturan` VALUES (926, 155, 'C02', 'AND', 'C02-03');
INSERT INTO `tb_aturan` VALUES (927, 155, 'C03', 'AND', 'C03-03');
INSERT INTO `tb_aturan` VALUES (928, 155, 'C04', 'AND', 'C04-01');
INSERT INTO `tb_aturan` VALUES (929, 155, 'C05', 'AND', 'C05-02');
INSERT INTO `tb_aturan` VALUES (930, 155, 'C06', 'AND', 'C06-03');
INSERT INTO `tb_aturan` VALUES (931, 156, 'C01', 'AND', 'C01-02');
INSERT INTO `tb_aturan` VALUES (932, 156, 'C02', 'AND', 'C02-03');
INSERT INTO `tb_aturan` VALUES (933, 156, 'C03', 'AND', 'C03-03');
INSERT INTO `tb_aturan` VALUES (934, 156, 'C04', 'AND', 'C04-01');
INSERT INTO `tb_aturan` VALUES (935, 156, 'C05', 'AND', 'C05-03');
INSERT INTO `tb_aturan` VALUES (936, 156, 'C06', 'AND', 'C06-01');
INSERT INTO `tb_aturan` VALUES (937, 157, 'C01', 'AND', 'C01-02');
INSERT INTO `tb_aturan` VALUES (938, 157, 'C02', 'AND', 'C02-03');
INSERT INTO `tb_aturan` VALUES (939, 157, 'C03', 'AND', 'C03-03');
INSERT INTO `tb_aturan` VALUES (940, 157, 'C04', 'AND', 'C04-02');
INSERT INTO `tb_aturan` VALUES (941, 157, 'C05', 'AND', 'C05-01');
INSERT INTO `tb_aturan` VALUES (942, 157, 'C06', 'AND', 'C06-03');
INSERT INTO `tb_aturan` VALUES (943, 158, 'C01', 'AND', 'C01-02');
INSERT INTO `tb_aturan` VALUES (944, 158, 'C02', 'AND', 'C02-03');
INSERT INTO `tb_aturan` VALUES (945, 158, 'C03', 'AND', 'C03-03');
INSERT INTO `tb_aturan` VALUES (946, 158, 'C04', 'AND', 'C04-02');
INSERT INTO `tb_aturan` VALUES (947, 158, 'C05', 'AND', 'C05-02');
INSERT INTO `tb_aturan` VALUES (948, 158, 'C06', 'AND', 'C06-02');
INSERT INTO `tb_aturan` VALUES (949, 159, 'C01', 'AND', 'C01-02');
INSERT INTO `tb_aturan` VALUES (950, 159, 'C02', 'AND', 'C02-03');
INSERT INTO `tb_aturan` VALUES (951, 159, 'C03', 'AND', 'C03-03');
INSERT INTO `tb_aturan` VALUES (952, 159, 'C04', 'AND', 'C04-02');
INSERT INTO `tb_aturan` VALUES (953, 159, 'C05', 'AND', 'C05-03');
INSERT INTO `tb_aturan` VALUES (954, 159, 'C06', 'AND', 'C06-03');
INSERT INTO `tb_aturan` VALUES (955, 160, 'C01', 'AND', 'C01-02');
INSERT INTO `tb_aturan` VALUES (956, 160, 'C02', 'AND', 'C02-03');
INSERT INTO `tb_aturan` VALUES (957, 160, 'C03', 'AND', 'C03-03');
INSERT INTO `tb_aturan` VALUES (958, 160, 'C04', 'AND', 'C04-03');
INSERT INTO `tb_aturan` VALUES (959, 160, 'C05', 'AND', 'C05-01');
INSERT INTO `tb_aturan` VALUES (960, 160, 'C06', 'AND', 'C06-02');
INSERT INTO `tb_aturan` VALUES (961, 161, 'C01', 'AND', 'C01-02');
INSERT INTO `tb_aturan` VALUES (962, 161, 'C02', 'AND', 'C02-03');
INSERT INTO `tb_aturan` VALUES (963, 161, 'C03', 'AND', 'C03-03');
INSERT INTO `tb_aturan` VALUES (964, 161, 'C04', 'AND', 'C04-03');
INSERT INTO `tb_aturan` VALUES (965, 161, 'C05', 'AND', 'C05-02');
INSERT INTO `tb_aturan` VALUES (966, 161, 'C06', 'AND', 'C06-01');
INSERT INTO `tb_aturan` VALUES (967, 162, 'C01', 'AND', 'C01-02');
INSERT INTO `tb_aturan` VALUES (968, 162, 'C02', 'AND', 'C02-03');
INSERT INTO `tb_aturan` VALUES (969, 162, 'C03', 'AND', 'C03-03');
INSERT INTO `tb_aturan` VALUES (970, 162, 'C04', 'AND', 'C04-03');
INSERT INTO `tb_aturan` VALUES (971, 162, 'C05', 'AND', 'C05-03');
INSERT INTO `tb_aturan` VALUES (972, 162, 'C06', 'AND', 'C06-02');
INSERT INTO `tb_aturan` VALUES (973, 163, 'C01', 'AND', 'C01-03');
INSERT INTO `tb_aturan` VALUES (974, 163, 'C02', 'AND', 'C02-01');
INSERT INTO `tb_aturan` VALUES (975, 163, 'C03', 'AND', 'C03-01');
INSERT INTO `tb_aturan` VALUES (976, 163, 'C04', 'AND', 'C04-01');
INSERT INTO `tb_aturan` VALUES (977, 163, 'C05', 'AND', 'C05-01');
INSERT INTO `tb_aturan` VALUES (978, 163, 'C06', 'AND', 'C06-02');
INSERT INTO `tb_aturan` VALUES (979, 164, 'C01', 'AND', 'C01-03');
INSERT INTO `tb_aturan` VALUES (980, 164, 'C02', 'AND', 'C02-01');
INSERT INTO `tb_aturan` VALUES (981, 164, 'C03', 'AND', 'C03-01');
INSERT INTO `tb_aturan` VALUES (982, 164, 'C04', 'AND', 'C04-01');
INSERT INTO `tb_aturan` VALUES (983, 164, 'C05', 'AND', 'C05-02');
INSERT INTO `tb_aturan` VALUES (984, 164, 'C06', 'AND', 'C06-02');
INSERT INTO `tb_aturan` VALUES (985, 165, 'C01', 'AND', 'C01-03');
INSERT INTO `tb_aturan` VALUES (986, 165, 'C02', 'AND', 'C02-01');
INSERT INTO `tb_aturan` VALUES (987, 165, 'C03', 'AND', 'C03-01');
INSERT INTO `tb_aturan` VALUES (988, 165, 'C04', 'AND', 'C04-01');
INSERT INTO `tb_aturan` VALUES (989, 165, 'C05', 'AND', 'C05-03');
INSERT INTO `tb_aturan` VALUES (990, 165, 'C06', 'AND', 'C06-01');
INSERT INTO `tb_aturan` VALUES (991, 166, 'C01', 'AND', 'C01-03');
INSERT INTO `tb_aturan` VALUES (992, 166, 'C02', 'AND', 'C02-01');
INSERT INTO `tb_aturan` VALUES (993, 166, 'C03', 'AND', 'C03-01');
INSERT INTO `tb_aturan` VALUES (994, 166, 'C04', 'AND', 'C04-02');
INSERT INTO `tb_aturan` VALUES (995, 166, 'C05', 'AND', 'C05-01');
INSERT INTO `tb_aturan` VALUES (996, 166, 'C06', 'AND', 'C06-03');
INSERT INTO `tb_aturan` VALUES (997, 167, 'C01', 'AND', 'C01-03');
INSERT INTO `tb_aturan` VALUES (998, 167, 'C02', 'AND', 'C02-01');
INSERT INTO `tb_aturan` VALUES (999, 167, 'C03', 'AND', 'C03-01');
INSERT INTO `tb_aturan` VALUES (1000, 167, 'C04', 'AND', 'C04-02');
INSERT INTO `tb_aturan` VALUES (1001, 167, 'C05', 'AND', 'C05-02');
INSERT INTO `tb_aturan` VALUES (1002, 167, 'C06', 'AND', 'C06-01');
INSERT INTO `tb_aturan` VALUES (1003, 168, 'C01', 'AND', 'C01-03');
INSERT INTO `tb_aturan` VALUES (1004, 168, 'C02', 'AND', 'C02-01');
INSERT INTO `tb_aturan` VALUES (1005, 168, 'C03', 'AND', 'C03-01');
INSERT INTO `tb_aturan` VALUES (1006, 168, 'C04', 'AND', 'C04-02');
INSERT INTO `tb_aturan` VALUES (1007, 168, 'C05', 'AND', 'C05-03');
INSERT INTO `tb_aturan` VALUES (1008, 168, 'C06', 'AND', 'C06-01');
INSERT INTO `tb_aturan` VALUES (1009, 169, 'C01', 'AND', 'C01-03');
INSERT INTO `tb_aturan` VALUES (1010, 169, 'C02', 'AND', 'C02-01');
INSERT INTO `tb_aturan` VALUES (1011, 169, 'C03', 'AND', 'C03-01');
INSERT INTO `tb_aturan` VALUES (1012, 169, 'C04', 'AND', 'C04-03');
INSERT INTO `tb_aturan` VALUES (1013, 169, 'C05', 'AND', 'C05-01');
INSERT INTO `tb_aturan` VALUES (1014, 169, 'C06', 'AND', 'C06-02');
INSERT INTO `tb_aturan` VALUES (1015, 170, 'C01', 'AND', 'C01-03');
INSERT INTO `tb_aturan` VALUES (1016, 170, 'C02', 'AND', 'C02-01');
INSERT INTO `tb_aturan` VALUES (1017, 170, 'C03', 'AND', 'C03-01');
INSERT INTO `tb_aturan` VALUES (1018, 170, 'C04', 'AND', 'C04-03');
INSERT INTO `tb_aturan` VALUES (1019, 170, 'C05', 'AND', 'C05-02');
INSERT INTO `tb_aturan` VALUES (1020, 170, 'C06', 'AND', 'C06-03');
INSERT INTO `tb_aturan` VALUES (1021, 171, 'C01', 'AND', 'C01-03');
INSERT INTO `tb_aturan` VALUES (1022, 171, 'C02', 'AND', 'C02-01');
INSERT INTO `tb_aturan` VALUES (1023, 171, 'C03', 'AND', 'C03-01');
INSERT INTO `tb_aturan` VALUES (1024, 171, 'C04', 'AND', 'C04-03');
INSERT INTO `tb_aturan` VALUES (1025, 171, 'C05', 'AND', 'C05-03');
INSERT INTO `tb_aturan` VALUES (1026, 171, 'C06', 'AND', 'C06-01');
INSERT INTO `tb_aturan` VALUES (1027, 172, 'C01', 'AND', 'C01-03');
INSERT INTO `tb_aturan` VALUES (1028, 172, 'C02', 'AND', 'C02-01');
INSERT INTO `tb_aturan` VALUES (1029, 172, 'C03', 'AND', 'C03-02');
INSERT INTO `tb_aturan` VALUES (1030, 172, 'C04', 'AND', 'C04-01');
INSERT INTO `tb_aturan` VALUES (1031, 172, 'C05', 'AND', 'C05-01');
INSERT INTO `tb_aturan` VALUES (1032, 172, 'C06', 'AND', 'C06-01');
INSERT INTO `tb_aturan` VALUES (1033, 173, 'C01', 'AND', 'C01-03');
INSERT INTO `tb_aturan` VALUES (1034, 173, 'C02', 'AND', 'C02-01');
INSERT INTO `tb_aturan` VALUES (1035, 173, 'C03', 'AND', 'C03-02');
INSERT INTO `tb_aturan` VALUES (1036, 173, 'C04', 'AND', 'C04-01');
INSERT INTO `tb_aturan` VALUES (1037, 173, 'C05', 'AND', 'C05-02');
INSERT INTO `tb_aturan` VALUES (1038, 173, 'C06', 'AND', 'C06-01');
INSERT INTO `tb_aturan` VALUES (1039, 174, 'C01', 'AND', 'C01-03');
INSERT INTO `tb_aturan` VALUES (1040, 174, 'C02', 'AND', 'C02-01');
INSERT INTO `tb_aturan` VALUES (1041, 174, 'C03', 'AND', 'C03-02');
INSERT INTO `tb_aturan` VALUES (1042, 174, 'C04', 'AND', 'C04-01');
INSERT INTO `tb_aturan` VALUES (1043, 174, 'C05', 'AND', 'C05-03');
INSERT INTO `tb_aturan` VALUES (1044, 174, 'C06', 'AND', 'C06-01');
INSERT INTO `tb_aturan` VALUES (1045, 175, 'C01', 'AND', 'C01-03');
INSERT INTO `tb_aturan` VALUES (1046, 175, 'C02', 'AND', 'C02-01');
INSERT INTO `tb_aturan` VALUES (1047, 175, 'C03', 'AND', 'C03-02');
INSERT INTO `tb_aturan` VALUES (1048, 175, 'C04', 'AND', 'C04-02');
INSERT INTO `tb_aturan` VALUES (1049, 175, 'C05', 'AND', 'C05-01');
INSERT INTO `tb_aturan` VALUES (1050, 175, 'C06', 'AND', 'C06-03');
INSERT INTO `tb_aturan` VALUES (1051, 176, 'C01', 'AND', 'C01-03');
INSERT INTO `tb_aturan` VALUES (1052, 176, 'C02', 'AND', 'C02-01');
INSERT INTO `tb_aturan` VALUES (1053, 176, 'C03', 'AND', 'C03-02');
INSERT INTO `tb_aturan` VALUES (1054, 176, 'C04', 'AND', 'C04-02');
INSERT INTO `tb_aturan` VALUES (1055, 176, 'C05', 'AND', 'C05-02');
INSERT INTO `tb_aturan` VALUES (1056, 176, 'C06', 'AND', 'C06-02');
INSERT INTO `tb_aturan` VALUES (1057, 177, 'C01', 'AND', 'C01-03');
INSERT INTO `tb_aturan` VALUES (1058, 177, 'C02', 'AND', 'C02-01');
INSERT INTO `tb_aturan` VALUES (1059, 177, 'C03', 'AND', 'C03-02');
INSERT INTO `tb_aturan` VALUES (1060, 177, 'C04', 'AND', 'C04-02');
INSERT INTO `tb_aturan` VALUES (1061, 177, 'C05', 'AND', 'C05-03');
INSERT INTO `tb_aturan` VALUES (1062, 177, 'C06', 'AND', 'C06-01');
INSERT INTO `tb_aturan` VALUES (1063, 178, 'C01', 'AND', 'C01-03');
INSERT INTO `tb_aturan` VALUES (1064, 178, 'C02', 'AND', 'C02-01');
INSERT INTO `tb_aturan` VALUES (1065, 178, 'C03', 'AND', 'C03-02');
INSERT INTO `tb_aturan` VALUES (1066, 178, 'C04', 'AND', 'C04-03');
INSERT INTO `tb_aturan` VALUES (1067, 178, 'C05', 'AND', 'C05-01');
INSERT INTO `tb_aturan` VALUES (1068, 178, 'C06', 'AND', 'C06-03');
INSERT INTO `tb_aturan` VALUES (1069, 179, 'C01', 'AND', 'C01-03');
INSERT INTO `tb_aturan` VALUES (1070, 179, 'C02', 'AND', 'C02-01');
INSERT INTO `tb_aturan` VALUES (1071, 179, 'C03', 'AND', 'C03-02');
INSERT INTO `tb_aturan` VALUES (1072, 179, 'C04', 'AND', 'C04-03');
INSERT INTO `tb_aturan` VALUES (1073, 179, 'C05', 'AND', 'C05-02');
INSERT INTO `tb_aturan` VALUES (1074, 179, 'C06', 'AND', 'C06-02');
INSERT INTO `tb_aturan` VALUES (1075, 180, 'C01', 'AND', 'C01-03');
INSERT INTO `tb_aturan` VALUES (1076, 180, 'C02', 'AND', 'C02-01');
INSERT INTO `tb_aturan` VALUES (1077, 180, 'C03', 'AND', 'C03-02');
INSERT INTO `tb_aturan` VALUES (1078, 180, 'C04', 'AND', 'C04-03');
INSERT INTO `tb_aturan` VALUES (1079, 180, 'C05', 'AND', 'C05-03');
INSERT INTO `tb_aturan` VALUES (1080, 180, 'C06', 'AND', 'C06-03');
INSERT INTO `tb_aturan` VALUES (1081, 181, 'C01', 'AND', 'C01-03');
INSERT INTO `tb_aturan` VALUES (1082, 181, 'C02', 'AND', 'C02-01');
INSERT INTO `tb_aturan` VALUES (1083, 181, 'C03', 'AND', 'C03-03');
INSERT INTO `tb_aturan` VALUES (1084, 181, 'C04', 'AND', 'C04-01');
INSERT INTO `tb_aturan` VALUES (1085, 181, 'C05', 'AND', 'C05-01');
INSERT INTO `tb_aturan` VALUES (1086, 181, 'C06', 'AND', 'C06-03');
INSERT INTO `tb_aturan` VALUES (1087, 182, 'C01', 'AND', 'C01-03');
INSERT INTO `tb_aturan` VALUES (1088, 182, 'C02', 'AND', 'C02-01');
INSERT INTO `tb_aturan` VALUES (1089, 182, 'C03', 'AND', 'C03-03');
INSERT INTO `tb_aturan` VALUES (1090, 182, 'C04', 'AND', 'C04-01');
INSERT INTO `tb_aturan` VALUES (1091, 182, 'C05', 'AND', 'C05-02');
INSERT INTO `tb_aturan` VALUES (1092, 182, 'C06', 'AND', 'C06-03');
INSERT INTO `tb_aturan` VALUES (1093, 183, 'C01', 'AND', 'C01-03');
INSERT INTO `tb_aturan` VALUES (1094, 183, 'C02', 'AND', 'C02-01');
INSERT INTO `tb_aturan` VALUES (1095, 183, 'C03', 'AND', 'C03-03');
INSERT INTO `tb_aturan` VALUES (1096, 183, 'C04', 'AND', 'C04-01');
INSERT INTO `tb_aturan` VALUES (1097, 183, 'C05', 'AND', 'C05-03');
INSERT INTO `tb_aturan` VALUES (1098, 183, 'C06', 'AND', 'C06-01');
INSERT INTO `tb_aturan` VALUES (1099, 184, 'C01', 'AND', 'C01-03');
INSERT INTO `tb_aturan` VALUES (1100, 184, 'C02', 'AND', 'C02-01');
INSERT INTO `tb_aturan` VALUES (1101, 184, 'C03', 'AND', 'C03-03');
INSERT INTO `tb_aturan` VALUES (1102, 184, 'C04', 'AND', 'C04-02');
INSERT INTO `tb_aturan` VALUES (1103, 184, 'C05', 'AND', 'C05-01');
INSERT INTO `tb_aturan` VALUES (1104, 184, 'C06', 'AND', 'C06-03');
INSERT INTO `tb_aturan` VALUES (1105, 185, 'C01', 'AND', 'C01-03');
INSERT INTO `tb_aturan` VALUES (1106, 185, 'C02', 'AND', 'C02-01');
INSERT INTO `tb_aturan` VALUES (1107, 185, 'C03', 'AND', 'C03-03');
INSERT INTO `tb_aturan` VALUES (1108, 185, 'C04', 'AND', 'C04-02');
INSERT INTO `tb_aturan` VALUES (1109, 185, 'C05', 'AND', 'C05-02');
INSERT INTO `tb_aturan` VALUES (1110, 185, 'C06', 'AND', 'C06-02');
INSERT INTO `tb_aturan` VALUES (1111, 186, 'C01', 'AND', 'C01-03');
INSERT INTO `tb_aturan` VALUES (1112, 186, 'C02', 'AND', 'C02-01');
INSERT INTO `tb_aturan` VALUES (1113, 186, 'C03', 'AND', 'C03-03');
INSERT INTO `tb_aturan` VALUES (1114, 186, 'C04', 'AND', 'C04-02');
INSERT INTO `tb_aturan` VALUES (1115, 186, 'C05', 'AND', 'C05-03');
INSERT INTO `tb_aturan` VALUES (1116, 186, 'C06', 'AND', 'C06-02');
INSERT INTO `tb_aturan` VALUES (1117, 187, 'C01', 'AND', 'C01-03');
INSERT INTO `tb_aturan` VALUES (1118, 187, 'C02', 'AND', 'C02-01');
INSERT INTO `tb_aturan` VALUES (1119, 187, 'C03', 'AND', 'C03-03');
INSERT INTO `tb_aturan` VALUES (1120, 187, 'C04', 'AND', 'C04-03');
INSERT INTO `tb_aturan` VALUES (1121, 187, 'C05', 'AND', 'C05-01');
INSERT INTO `tb_aturan` VALUES (1122, 187, 'C06', 'AND', 'C06-01');
INSERT INTO `tb_aturan` VALUES (1123, 188, 'C01', 'AND', 'C01-03');
INSERT INTO `tb_aturan` VALUES (1124, 188, 'C02', 'AND', 'C02-01');
INSERT INTO `tb_aturan` VALUES (1125, 188, 'C03', 'AND', 'C03-03');
INSERT INTO `tb_aturan` VALUES (1126, 188, 'C04', 'AND', 'C04-03');
INSERT INTO `tb_aturan` VALUES (1127, 188, 'C05', 'AND', 'C05-02');
INSERT INTO `tb_aturan` VALUES (1128, 188, 'C06', 'AND', 'C06-01');
INSERT INTO `tb_aturan` VALUES (1129, 189, 'C01', 'AND', 'C01-03');
INSERT INTO `tb_aturan` VALUES (1130, 189, 'C02', 'AND', 'C02-01');
INSERT INTO `tb_aturan` VALUES (1131, 189, 'C03', 'AND', 'C03-03');
INSERT INTO `tb_aturan` VALUES (1132, 189, 'C04', 'AND', 'C04-03');
INSERT INTO `tb_aturan` VALUES (1133, 189, 'C05', 'AND', 'C05-03');
INSERT INTO `tb_aturan` VALUES (1134, 189, 'C06', 'AND', 'C06-01');
INSERT INTO `tb_aturan` VALUES (1135, 190, 'C01', 'AND', 'C01-03');
INSERT INTO `tb_aturan` VALUES (1136, 190, 'C02', 'AND', 'C02-02');
INSERT INTO `tb_aturan` VALUES (1137, 190, 'C03', 'AND', 'C03-01');
INSERT INTO `tb_aturan` VALUES (1138, 190, 'C04', 'AND', 'C04-01');
INSERT INTO `tb_aturan` VALUES (1139, 190, 'C05', 'AND', 'C05-01');
INSERT INTO `tb_aturan` VALUES (1140, 190, 'C06', 'AND', 'C06-03');
INSERT INTO `tb_aturan` VALUES (1141, 191, 'C01', 'AND', 'C01-03');
INSERT INTO `tb_aturan` VALUES (1142, 191, 'C02', 'AND', 'C02-02');
INSERT INTO `tb_aturan` VALUES (1143, 191, 'C03', 'AND', 'C03-01');
INSERT INTO `tb_aturan` VALUES (1144, 191, 'C04', 'AND', 'C04-01');
INSERT INTO `tb_aturan` VALUES (1145, 191, 'C05', 'AND', 'C05-02');
INSERT INTO `tb_aturan` VALUES (1146, 191, 'C06', 'AND', 'C06-03');
INSERT INTO `tb_aturan` VALUES (1147, 192, 'C01', 'AND', 'C01-03');
INSERT INTO `tb_aturan` VALUES (1148, 192, 'C02', 'AND', 'C02-02');
INSERT INTO `tb_aturan` VALUES (1149, 192, 'C03', 'AND', 'C03-01');
INSERT INTO `tb_aturan` VALUES (1150, 192, 'C04', 'AND', 'C04-01');
INSERT INTO `tb_aturan` VALUES (1151, 192, 'C05', 'AND', 'C05-03');
INSERT INTO `tb_aturan` VALUES (1152, 192, 'C06', 'AND', 'C06-03');
INSERT INTO `tb_aturan` VALUES (1153, 193, 'C01', 'AND', 'C01-03');
INSERT INTO `tb_aturan` VALUES (1154, 193, 'C02', 'AND', 'C02-02');
INSERT INTO `tb_aturan` VALUES (1155, 193, 'C03', 'AND', 'C03-01');
INSERT INTO `tb_aturan` VALUES (1156, 193, 'C04', 'AND', 'C04-02');
INSERT INTO `tb_aturan` VALUES (1157, 193, 'C05', 'AND', 'C05-01');
INSERT INTO `tb_aturan` VALUES (1158, 193, 'C06', 'AND', 'C06-02');
INSERT INTO `tb_aturan` VALUES (1159, 194, 'C01', 'AND', 'C01-03');
INSERT INTO `tb_aturan` VALUES (1160, 194, 'C02', 'AND', 'C02-02');
INSERT INTO `tb_aturan` VALUES (1161, 194, 'C03', 'AND', 'C03-01');
INSERT INTO `tb_aturan` VALUES (1162, 194, 'C04', 'AND', 'C04-02');
INSERT INTO `tb_aturan` VALUES (1163, 194, 'C05', 'AND', 'C05-02');
INSERT INTO `tb_aturan` VALUES (1164, 194, 'C06', 'AND', 'C06-01');
INSERT INTO `tb_aturan` VALUES (1165, 195, 'C01', 'AND', 'C01-03');
INSERT INTO `tb_aturan` VALUES (1166, 195, 'C02', 'AND', 'C02-02');
INSERT INTO `tb_aturan` VALUES (1167, 195, 'C03', 'AND', 'C03-01');
INSERT INTO `tb_aturan` VALUES (1168, 195, 'C04', 'AND', 'C04-02');
INSERT INTO `tb_aturan` VALUES (1169, 195, 'C05', 'AND', 'C05-03');
INSERT INTO `tb_aturan` VALUES (1170, 195, 'C06', 'AND', 'C06-03');
INSERT INTO `tb_aturan` VALUES (1171, 196, 'C01', 'AND', 'C01-03');
INSERT INTO `tb_aturan` VALUES (1172, 196, 'C02', 'AND', 'C02-02');
INSERT INTO `tb_aturan` VALUES (1173, 196, 'C03', 'AND', 'C03-01');
INSERT INTO `tb_aturan` VALUES (1174, 196, 'C04', 'AND', 'C04-03');
INSERT INTO `tb_aturan` VALUES (1175, 196, 'C05', 'AND', 'C05-01');
INSERT INTO `tb_aturan` VALUES (1176, 196, 'C06', 'AND', 'C06-03');
INSERT INTO `tb_aturan` VALUES (1177, 197, 'C01', 'AND', 'C01-03');
INSERT INTO `tb_aturan` VALUES (1178, 197, 'C02', 'AND', 'C02-02');
INSERT INTO `tb_aturan` VALUES (1179, 197, 'C03', 'AND', 'C03-01');
INSERT INTO `tb_aturan` VALUES (1180, 197, 'C04', 'AND', 'C04-03');
INSERT INTO `tb_aturan` VALUES (1181, 197, 'C05', 'AND', 'C05-02');
INSERT INTO `tb_aturan` VALUES (1182, 197, 'C06', 'AND', 'C06-01');
INSERT INTO `tb_aturan` VALUES (1183, 198, 'C01', 'AND', 'C01-03');
INSERT INTO `tb_aturan` VALUES (1184, 198, 'C02', 'AND', 'C02-02');
INSERT INTO `tb_aturan` VALUES (1185, 198, 'C03', 'AND', 'C03-01');
INSERT INTO `tb_aturan` VALUES (1186, 198, 'C04', 'AND', 'C04-03');
INSERT INTO `tb_aturan` VALUES (1187, 198, 'C05', 'AND', 'C05-03');
INSERT INTO `tb_aturan` VALUES (1188, 198, 'C06', 'AND', 'C06-02');
INSERT INTO `tb_aturan` VALUES (1189, 199, 'C01', 'AND', 'C01-03');
INSERT INTO `tb_aturan` VALUES (1190, 199, 'C02', 'AND', 'C02-02');
INSERT INTO `tb_aturan` VALUES (1191, 199, 'C03', 'AND', 'C03-02');
INSERT INTO `tb_aturan` VALUES (1192, 199, 'C04', 'AND', 'C04-01');
INSERT INTO `tb_aturan` VALUES (1193, 199, 'C05', 'AND', 'C05-01');
INSERT INTO `tb_aturan` VALUES (1194, 199, 'C06', 'AND', 'C06-02');
INSERT INTO `tb_aturan` VALUES (1195, 200, 'C01', 'AND', 'C01-03');
INSERT INTO `tb_aturan` VALUES (1196, 200, 'C02', 'AND', 'C02-02');
INSERT INTO `tb_aturan` VALUES (1197, 200, 'C03', 'AND', 'C03-02');
INSERT INTO `tb_aturan` VALUES (1198, 200, 'C04', 'AND', 'C04-01');
INSERT INTO `tb_aturan` VALUES (1199, 200, 'C05', 'AND', 'C05-02');
INSERT INTO `tb_aturan` VALUES (1200, 200, 'C06', 'AND', 'C06-02');
INSERT INTO `tb_aturan` VALUES (1201, 201, 'C01', 'AND', 'C01-03');
INSERT INTO `tb_aturan` VALUES (1202, 201, 'C02', 'AND', 'C02-02');
INSERT INTO `tb_aturan` VALUES (1203, 201, 'C03', 'AND', 'C03-02');
INSERT INTO `tb_aturan` VALUES (1204, 201, 'C04', 'AND', 'C04-01');
INSERT INTO `tb_aturan` VALUES (1205, 201, 'C05', 'AND', 'C05-03');
INSERT INTO `tb_aturan` VALUES (1206, 201, 'C06', 'AND', 'C06-02');
INSERT INTO `tb_aturan` VALUES (1207, 202, 'C01', 'AND', 'C01-03');
INSERT INTO `tb_aturan` VALUES (1208, 202, 'C02', 'AND', 'C02-02');
INSERT INTO `tb_aturan` VALUES (1209, 202, 'C03', 'AND', 'C03-02');
INSERT INTO `tb_aturan` VALUES (1210, 202, 'C04', 'AND', 'C04-02');
INSERT INTO `tb_aturan` VALUES (1211, 202, 'C05', 'AND', 'C05-01');
INSERT INTO `tb_aturan` VALUES (1212, 202, 'C06', 'AND', 'C06-03');
INSERT INTO `tb_aturan` VALUES (1213, 203, 'C01', 'AND', 'C01-03');
INSERT INTO `tb_aturan` VALUES (1214, 203, 'C02', 'AND', 'C02-02');
INSERT INTO `tb_aturan` VALUES (1215, 203, 'C03', 'AND', 'C03-02');
INSERT INTO `tb_aturan` VALUES (1216, 203, 'C04', 'AND', 'C04-02');
INSERT INTO `tb_aturan` VALUES (1217, 203, 'C05', 'AND', 'C05-02');
INSERT INTO `tb_aturan` VALUES (1218, 203, 'C06', 'AND', 'C06-01');
INSERT INTO `tb_aturan` VALUES (1219, 204, 'C01', 'AND', 'C01-03');
INSERT INTO `tb_aturan` VALUES (1220, 204, 'C02', 'AND', 'C02-02');
INSERT INTO `tb_aturan` VALUES (1221, 204, 'C03', 'AND', 'C03-02');
INSERT INTO `tb_aturan` VALUES (1222, 204, 'C04', 'AND', 'C04-02');
INSERT INTO `tb_aturan` VALUES (1223, 204, 'C05', 'AND', 'C05-03');
INSERT INTO `tb_aturan` VALUES (1224, 204, 'C06', 'AND', 'C06-01');
INSERT INTO `tb_aturan` VALUES (1225, 205, 'C01', 'AND', 'C01-03');
INSERT INTO `tb_aturan` VALUES (1226, 205, 'C02', 'AND', 'C02-02');
INSERT INTO `tb_aturan` VALUES (1227, 205, 'C03', 'AND', 'C03-02');
INSERT INTO `tb_aturan` VALUES (1228, 205, 'C04', 'AND', 'C04-03');
INSERT INTO `tb_aturan` VALUES (1229, 205, 'C05', 'AND', 'C05-01');
INSERT INTO `tb_aturan` VALUES (1230, 205, 'C06', 'AND', 'C06-03');
INSERT INTO `tb_aturan` VALUES (1231, 206, 'C01', 'AND', 'C01-03');
INSERT INTO `tb_aturan` VALUES (1232, 206, 'C02', 'AND', 'C02-02');
INSERT INTO `tb_aturan` VALUES (1233, 206, 'C03', 'AND', 'C03-02');
INSERT INTO `tb_aturan` VALUES (1234, 206, 'C04', 'AND', 'C04-03');
INSERT INTO `tb_aturan` VALUES (1235, 206, 'C05', 'AND', 'C05-02');
INSERT INTO `tb_aturan` VALUES (1236, 206, 'C06', 'AND', 'C06-03');
INSERT INTO `tb_aturan` VALUES (1237, 207, 'C01', 'AND', 'C01-03');
INSERT INTO `tb_aturan` VALUES (1238, 207, 'C02', 'AND', 'C02-02');
INSERT INTO `tb_aturan` VALUES (1239, 207, 'C03', 'AND', 'C03-02');
INSERT INTO `tb_aturan` VALUES (1240, 207, 'C04', 'AND', 'C04-03');
INSERT INTO `tb_aturan` VALUES (1241, 207, 'C05', 'AND', 'C05-03');
INSERT INTO `tb_aturan` VALUES (1242, 207, 'C06', 'AND', 'C06-02');
INSERT INTO `tb_aturan` VALUES (1243, 208, 'C01', 'AND', 'C01-03');
INSERT INTO `tb_aturan` VALUES (1244, 208, 'C02', 'AND', 'C02-02');
INSERT INTO `tb_aturan` VALUES (1245, 208, 'C03', 'AND', 'C03-03');
INSERT INTO `tb_aturan` VALUES (1246, 208, 'C04', 'AND', 'C04-01');
INSERT INTO `tb_aturan` VALUES (1247, 208, 'C05', 'AND', 'C05-01');
INSERT INTO `tb_aturan` VALUES (1248, 208, 'C06', 'AND', 'C06-01');
INSERT INTO `tb_aturan` VALUES (1249, 209, 'C01', 'AND', 'C01-03');
INSERT INTO `tb_aturan` VALUES (1250, 209, 'C02', 'AND', 'C02-02');
INSERT INTO `tb_aturan` VALUES (1251, 209, 'C03', 'AND', 'C03-03');
INSERT INTO `tb_aturan` VALUES (1252, 209, 'C04', 'AND', 'C04-01');
INSERT INTO `tb_aturan` VALUES (1253, 209, 'C05', 'AND', 'C05-02');
INSERT INTO `tb_aturan` VALUES (1254, 209, 'C06', 'AND', 'C06-02');
INSERT INTO `tb_aturan` VALUES (1255, 210, 'C01', 'AND', 'C01-03');
INSERT INTO `tb_aturan` VALUES (1256, 210, 'C02', 'AND', 'C02-02');
INSERT INTO `tb_aturan` VALUES (1257, 210, 'C03', 'AND', 'C03-03');
INSERT INTO `tb_aturan` VALUES (1258, 210, 'C04', 'AND', 'C04-01');
INSERT INTO `tb_aturan` VALUES (1259, 210, 'C05', 'AND', 'C05-03');
INSERT INTO `tb_aturan` VALUES (1260, 210, 'C06', 'AND', 'C06-01');
INSERT INTO `tb_aturan` VALUES (1261, 211, 'C01', 'AND', 'C01-03');
INSERT INTO `tb_aturan` VALUES (1262, 211, 'C02', 'AND', 'C02-02');
INSERT INTO `tb_aturan` VALUES (1263, 211, 'C03', 'AND', 'C03-03');
INSERT INTO `tb_aturan` VALUES (1264, 211, 'C04', 'AND', 'C04-02');
INSERT INTO `tb_aturan` VALUES (1265, 211, 'C05', 'AND', 'C05-01');
INSERT INTO `tb_aturan` VALUES (1266, 211, 'C06', 'AND', 'C06-01');
INSERT INTO `tb_aturan` VALUES (1267, 212, 'C01', 'AND', 'C01-03');
INSERT INTO `tb_aturan` VALUES (1268, 212, 'C02', 'AND', 'C02-02');
INSERT INTO `tb_aturan` VALUES (1269, 212, 'C03', 'AND', 'C03-03');
INSERT INTO `tb_aturan` VALUES (1270, 212, 'C04', 'AND', 'C04-02');
INSERT INTO `tb_aturan` VALUES (1271, 212, 'C05', 'AND', 'C05-02');
INSERT INTO `tb_aturan` VALUES (1272, 212, 'C06', 'AND', 'C06-01');
INSERT INTO `tb_aturan` VALUES (1273, 213, 'C01', 'AND', 'C01-03');
INSERT INTO `tb_aturan` VALUES (1274, 213, 'C02', 'AND', 'C02-02');
INSERT INTO `tb_aturan` VALUES (1275, 213, 'C03', 'AND', 'C03-03');
INSERT INTO `tb_aturan` VALUES (1276, 213, 'C04', 'AND', 'C04-02');
INSERT INTO `tb_aturan` VALUES (1277, 213, 'C05', 'AND', 'C05-03');
INSERT INTO `tb_aturan` VALUES (1278, 213, 'C06', 'AND', 'C06-03');
INSERT INTO `tb_aturan` VALUES (1279, 214, 'C01', 'AND', 'C01-03');
INSERT INTO `tb_aturan` VALUES (1280, 214, 'C02', 'AND', 'C02-02');
INSERT INTO `tb_aturan` VALUES (1281, 214, 'C03', 'AND', 'C03-03');
INSERT INTO `tb_aturan` VALUES (1282, 214, 'C04', 'AND', 'C04-03');
INSERT INTO `tb_aturan` VALUES (1283, 214, 'C05', 'AND', 'C05-01');
INSERT INTO `tb_aturan` VALUES (1284, 214, 'C06', 'AND', 'C06-01');
INSERT INTO `tb_aturan` VALUES (1285, 215, 'C01', 'AND', 'C01-03');
INSERT INTO `tb_aturan` VALUES (1286, 215, 'C02', 'AND', 'C02-02');
INSERT INTO `tb_aturan` VALUES (1287, 215, 'C03', 'AND', 'C03-03');
INSERT INTO `tb_aturan` VALUES (1288, 215, 'C04', 'AND', 'C04-03');
INSERT INTO `tb_aturan` VALUES (1289, 215, 'C05', 'AND', 'C05-02');
INSERT INTO `tb_aturan` VALUES (1290, 215, 'C06', 'AND', 'C06-02');
INSERT INTO `tb_aturan` VALUES (1291, 216, 'C01', 'AND', 'C01-03');
INSERT INTO `tb_aturan` VALUES (1292, 216, 'C02', 'AND', 'C02-02');
INSERT INTO `tb_aturan` VALUES (1293, 216, 'C03', 'AND', 'C03-03');
INSERT INTO `tb_aturan` VALUES (1294, 216, 'C04', 'AND', 'C04-03');
INSERT INTO `tb_aturan` VALUES (1295, 216, 'C05', 'AND', 'C05-03');
INSERT INTO `tb_aturan` VALUES (1296, 216, 'C06', 'AND', 'C06-03');
INSERT INTO `tb_aturan` VALUES (1297, 217, 'C01', 'AND', 'C01-03');
INSERT INTO `tb_aturan` VALUES (1298, 217, 'C02', 'AND', 'C02-03');
INSERT INTO `tb_aturan` VALUES (1299, 217, 'C03', 'AND', 'C03-01');
INSERT INTO `tb_aturan` VALUES (1300, 217, 'C04', 'AND', 'C04-01');
INSERT INTO `tb_aturan` VALUES (1301, 217, 'C05', 'AND', 'C05-01');
INSERT INTO `tb_aturan` VALUES (1302, 217, 'C06', 'AND', 'C06-01');
INSERT INTO `tb_aturan` VALUES (1303, 218, 'C01', 'AND', 'C01-03');
INSERT INTO `tb_aturan` VALUES (1304, 218, 'C02', 'AND', 'C02-03');
INSERT INTO `tb_aturan` VALUES (1305, 218, 'C03', 'AND', 'C03-01');
INSERT INTO `tb_aturan` VALUES (1306, 218, 'C04', 'AND', 'C04-01');
INSERT INTO `tb_aturan` VALUES (1307, 218, 'C05', 'AND', 'C05-02');
INSERT INTO `tb_aturan` VALUES (1308, 218, 'C06', 'AND', 'C06-03');
INSERT INTO `tb_aturan` VALUES (1309, 219, 'C01', 'AND', 'C01-03');
INSERT INTO `tb_aturan` VALUES (1310, 219, 'C02', 'AND', 'C02-03');
INSERT INTO `tb_aturan` VALUES (1311, 219, 'C03', 'AND', 'C03-01');
INSERT INTO `tb_aturan` VALUES (1312, 219, 'C04', 'AND', 'C04-01');
INSERT INTO `tb_aturan` VALUES (1313, 219, 'C05', 'AND', 'C05-03');
INSERT INTO `tb_aturan` VALUES (1314, 219, 'C06', 'AND', 'C06-01');
INSERT INTO `tb_aturan` VALUES (1315, 220, 'C01', 'AND', 'C01-03');
INSERT INTO `tb_aturan` VALUES (1316, 220, 'C02', 'AND', 'C02-03');
INSERT INTO `tb_aturan` VALUES (1317, 220, 'C03', 'AND', 'C03-01');
INSERT INTO `tb_aturan` VALUES (1318, 220, 'C04', 'AND', 'C04-02');
INSERT INTO `tb_aturan` VALUES (1319, 220, 'C05', 'AND', 'C05-01');
INSERT INTO `tb_aturan` VALUES (1320, 220, 'C06', 'AND', 'C06-01');
INSERT INTO `tb_aturan` VALUES (1321, 221, 'C01', 'AND', 'C01-03');
INSERT INTO `tb_aturan` VALUES (1322, 221, 'C02', 'AND', 'C02-03');
INSERT INTO `tb_aturan` VALUES (1323, 221, 'C03', 'AND', 'C03-01');
INSERT INTO `tb_aturan` VALUES (1324, 221, 'C04', 'AND', 'C04-02');
INSERT INTO `tb_aturan` VALUES (1325, 221, 'C05', 'AND', 'C05-02');
INSERT INTO `tb_aturan` VALUES (1326, 221, 'C06', 'AND', 'C06-02');
INSERT INTO `tb_aturan` VALUES (1327, 222, 'C01', 'AND', 'C01-03');
INSERT INTO `tb_aturan` VALUES (1328, 222, 'C02', 'AND', 'C02-03');
INSERT INTO `tb_aturan` VALUES (1329, 222, 'C03', 'AND', 'C03-01');
INSERT INTO `tb_aturan` VALUES (1330, 222, 'C04', 'AND', 'C04-02');
INSERT INTO `tb_aturan` VALUES (1331, 222, 'C05', 'AND', 'C05-03');
INSERT INTO `tb_aturan` VALUES (1332, 222, 'C06', 'AND', 'C06-02');
INSERT INTO `tb_aturan` VALUES (1333, 223, 'C01', 'AND', 'C01-03');
INSERT INTO `tb_aturan` VALUES (1334, 223, 'C02', 'AND', 'C02-03');
INSERT INTO `tb_aturan` VALUES (1335, 223, 'C03', 'AND', 'C03-01');
INSERT INTO `tb_aturan` VALUES (1336, 223, 'C04', 'AND', 'C04-03');
INSERT INTO `tb_aturan` VALUES (1337, 223, 'C05', 'AND', 'C05-01');
INSERT INTO `tb_aturan` VALUES (1338, 223, 'C06', 'AND', 'C06-01');
INSERT INTO `tb_aturan` VALUES (1339, 224, 'C01', 'AND', 'C01-03');
INSERT INTO `tb_aturan` VALUES (1340, 224, 'C02', 'AND', 'C02-03');
INSERT INTO `tb_aturan` VALUES (1341, 224, 'C03', 'AND', 'C03-01');
INSERT INTO `tb_aturan` VALUES (1342, 224, 'C04', 'AND', 'C04-03');
INSERT INTO `tb_aturan` VALUES (1343, 224, 'C05', 'AND', 'C05-02');
INSERT INTO `tb_aturan` VALUES (1344, 224, 'C06', 'AND', 'C06-01');
INSERT INTO `tb_aturan` VALUES (1345, 225, 'C01', 'AND', 'C01-03');
INSERT INTO `tb_aturan` VALUES (1346, 225, 'C02', 'AND', 'C02-03');
INSERT INTO `tb_aturan` VALUES (1347, 225, 'C03', 'AND', 'C03-01');
INSERT INTO `tb_aturan` VALUES (1348, 225, 'C04', 'AND', 'C04-03');
INSERT INTO `tb_aturan` VALUES (1349, 225, 'C05', 'AND', 'C05-03');
INSERT INTO `tb_aturan` VALUES (1350, 225, 'C06', 'AND', 'C06-02');
INSERT INTO `tb_aturan` VALUES (1351, 226, 'C01', 'AND', 'C01-03');
INSERT INTO `tb_aturan` VALUES (1352, 226, 'C02', 'AND', 'C02-03');
INSERT INTO `tb_aturan` VALUES (1353, 226, 'C03', 'AND', 'C03-02');
INSERT INTO `tb_aturan` VALUES (1354, 226, 'C04', 'AND', 'C04-01');
INSERT INTO `tb_aturan` VALUES (1355, 226, 'C05', 'AND', 'C05-01');
INSERT INTO `tb_aturan` VALUES (1356, 226, 'C06', 'AND', 'C06-03');
INSERT INTO `tb_aturan` VALUES (1357, 227, 'C01', 'AND', 'C01-03');
INSERT INTO `tb_aturan` VALUES (1358, 227, 'C02', 'AND', 'C02-03');
INSERT INTO `tb_aturan` VALUES (1359, 227, 'C03', 'AND', 'C03-02');
INSERT INTO `tb_aturan` VALUES (1360, 227, 'C04', 'AND', 'C04-01');
INSERT INTO `tb_aturan` VALUES (1361, 227, 'C05', 'AND', 'C05-02');
INSERT INTO `tb_aturan` VALUES (1362, 227, 'C06', 'AND', 'C06-02');
INSERT INTO `tb_aturan` VALUES (1363, 228, 'C01', 'AND', 'C01-03');
INSERT INTO `tb_aturan` VALUES (1364, 228, 'C02', 'AND', 'C02-03');
INSERT INTO `tb_aturan` VALUES (1365, 228, 'C03', 'AND', 'C03-02');
INSERT INTO `tb_aturan` VALUES (1366, 228, 'C04', 'AND', 'C04-01');
INSERT INTO `tb_aturan` VALUES (1367, 228, 'C05', 'AND', 'C05-03');
INSERT INTO `tb_aturan` VALUES (1368, 228, 'C06', 'AND', 'C06-03');
INSERT INTO `tb_aturan` VALUES (1369, 229, 'C01', 'AND', 'C01-03');
INSERT INTO `tb_aturan` VALUES (1370, 229, 'C02', 'AND', 'C02-03');
INSERT INTO `tb_aturan` VALUES (1371, 229, 'C03', 'AND', 'C03-02');
INSERT INTO `tb_aturan` VALUES (1372, 229, 'C04', 'AND', 'C04-02');
INSERT INTO `tb_aturan` VALUES (1373, 229, 'C05', 'AND', 'C05-01');
INSERT INTO `tb_aturan` VALUES (1374, 229, 'C06', 'AND', 'C06-01');
INSERT INTO `tb_aturan` VALUES (1375, 230, 'C01', 'AND', 'C01-03');
INSERT INTO `tb_aturan` VALUES (1376, 230, 'C02', 'AND', 'C02-03');
INSERT INTO `tb_aturan` VALUES (1377, 230, 'C03', 'AND', 'C03-02');
INSERT INTO `tb_aturan` VALUES (1378, 230, 'C04', 'AND', 'C04-02');
INSERT INTO `tb_aturan` VALUES (1379, 230, 'C05', 'AND', 'C05-02');
INSERT INTO `tb_aturan` VALUES (1380, 230, 'C06', 'AND', 'C06-02');
INSERT INTO `tb_aturan` VALUES (1381, 231, 'C01', 'AND', 'C01-03');
INSERT INTO `tb_aturan` VALUES (1382, 231, 'C02', 'AND', 'C02-03');
INSERT INTO `tb_aturan` VALUES (1383, 231, 'C03', 'AND', 'C03-02');
INSERT INTO `tb_aturan` VALUES (1384, 231, 'C04', 'AND', 'C04-02');
INSERT INTO `tb_aturan` VALUES (1385, 231, 'C05', 'AND', 'C05-03');
INSERT INTO `tb_aturan` VALUES (1386, 231, 'C06', 'AND', 'C06-02');
INSERT INTO `tb_aturan` VALUES (1387, 232, 'C01', 'AND', 'C01-03');
INSERT INTO `tb_aturan` VALUES (1388, 232, 'C02', 'AND', 'C02-03');
INSERT INTO `tb_aturan` VALUES (1389, 232, 'C03', 'AND', 'C03-02');
INSERT INTO `tb_aturan` VALUES (1390, 232, 'C04', 'AND', 'C04-03');
INSERT INTO `tb_aturan` VALUES (1391, 232, 'C05', 'AND', 'C05-01');
INSERT INTO `tb_aturan` VALUES (1392, 232, 'C06', 'AND', 'C06-02');
INSERT INTO `tb_aturan` VALUES (1393, 233, 'C01', 'AND', 'C01-03');
INSERT INTO `tb_aturan` VALUES (1394, 233, 'C02', 'AND', 'C02-03');
INSERT INTO `tb_aturan` VALUES (1395, 233, 'C03', 'AND', 'C03-02');
INSERT INTO `tb_aturan` VALUES (1396, 233, 'C04', 'AND', 'C04-03');
INSERT INTO `tb_aturan` VALUES (1397, 233, 'C05', 'AND', 'C05-02');
INSERT INTO `tb_aturan` VALUES (1398, 233, 'C06', 'AND', 'C06-01');
INSERT INTO `tb_aturan` VALUES (1399, 234, 'C01', 'AND', 'C01-03');
INSERT INTO `tb_aturan` VALUES (1400, 234, 'C02', 'AND', 'C02-03');
INSERT INTO `tb_aturan` VALUES (1401, 234, 'C03', 'AND', 'C03-02');
INSERT INTO `tb_aturan` VALUES (1402, 234, 'C04', 'AND', 'C04-03');
INSERT INTO `tb_aturan` VALUES (1403, 234, 'C05', 'AND', 'C05-03');
INSERT INTO `tb_aturan` VALUES (1404, 234, 'C06', 'AND', 'C06-03');
INSERT INTO `tb_aturan` VALUES (1405, 235, 'C01', 'AND', 'C01-03');
INSERT INTO `tb_aturan` VALUES (1406, 235, 'C02', 'AND', 'C02-03');
INSERT INTO `tb_aturan` VALUES (1407, 235, 'C03', 'AND', 'C03-03');
INSERT INTO `tb_aturan` VALUES (1408, 235, 'C04', 'AND', 'C04-01');
INSERT INTO `tb_aturan` VALUES (1409, 235, 'C05', 'AND', 'C05-01');
INSERT INTO `tb_aturan` VALUES (1410, 235, 'C06', 'AND', 'C06-03');
INSERT INTO `tb_aturan` VALUES (1411, 236, 'C01', 'AND', 'C01-03');
INSERT INTO `tb_aturan` VALUES (1412, 236, 'C02', 'AND', 'C02-03');
INSERT INTO `tb_aturan` VALUES (1413, 236, 'C03', 'AND', 'C03-03');
INSERT INTO `tb_aturan` VALUES (1414, 236, 'C04', 'AND', 'C04-01');
INSERT INTO `tb_aturan` VALUES (1415, 236, 'C05', 'AND', 'C05-02');
INSERT INTO `tb_aturan` VALUES (1416, 236, 'C06', 'AND', 'C06-03');
INSERT INTO `tb_aturan` VALUES (1417, 237, 'C01', 'AND', 'C01-03');
INSERT INTO `tb_aturan` VALUES (1418, 237, 'C02', 'AND', 'C02-03');
INSERT INTO `tb_aturan` VALUES (1419, 237, 'C03', 'AND', 'C03-03');
INSERT INTO `tb_aturan` VALUES (1420, 237, 'C04', 'AND', 'C04-01');
INSERT INTO `tb_aturan` VALUES (1421, 237, 'C05', 'AND', 'C05-03');
INSERT INTO `tb_aturan` VALUES (1422, 237, 'C06', 'AND', 'C06-02');
INSERT INTO `tb_aturan` VALUES (1423, 238, 'C01', 'AND', 'C01-03');
INSERT INTO `tb_aturan` VALUES (1424, 238, 'C02', 'AND', 'C02-03');
INSERT INTO `tb_aturan` VALUES (1425, 238, 'C03', 'AND', 'C03-03');
INSERT INTO `tb_aturan` VALUES (1426, 238, 'C04', 'AND', 'C04-02');
INSERT INTO `tb_aturan` VALUES (1427, 238, 'C05', 'AND', 'C05-01');
INSERT INTO `tb_aturan` VALUES (1428, 238, 'C06', 'AND', 'C06-03');
INSERT INTO `tb_aturan` VALUES (1429, 239, 'C01', 'AND', 'C01-03');
INSERT INTO `tb_aturan` VALUES (1430, 239, 'C02', 'AND', 'C02-03');
INSERT INTO `tb_aturan` VALUES (1431, 239, 'C03', 'AND', 'C03-03');
INSERT INTO `tb_aturan` VALUES (1432, 239, 'C04', 'AND', 'C04-02');
INSERT INTO `tb_aturan` VALUES (1433, 239, 'C05', 'AND', 'C05-02');
INSERT INTO `tb_aturan` VALUES (1434, 239, 'C06', 'AND', 'C06-01');
INSERT INTO `tb_aturan` VALUES (1435, 240, 'C01', 'AND', 'C01-03');
INSERT INTO `tb_aturan` VALUES (1436, 240, 'C02', 'AND', 'C02-03');
INSERT INTO `tb_aturan` VALUES (1437, 240, 'C03', 'AND', 'C03-03');
INSERT INTO `tb_aturan` VALUES (1438, 240, 'C04', 'AND', 'C04-02');
INSERT INTO `tb_aturan` VALUES (1439, 240, 'C05', 'AND', 'C05-03');
INSERT INTO `tb_aturan` VALUES (1440, 240, 'C06', 'AND', 'C06-01');
INSERT INTO `tb_aturan` VALUES (1441, 241, 'C01', 'AND', 'C01-03');
INSERT INTO `tb_aturan` VALUES (1442, 241, 'C02', 'AND', 'C02-03');
INSERT INTO `tb_aturan` VALUES (1443, 241, 'C03', 'AND', 'C03-03');
INSERT INTO `tb_aturan` VALUES (1444, 241, 'C04', 'AND', 'C04-03');
INSERT INTO `tb_aturan` VALUES (1445, 241, 'C05', 'AND', 'C05-01');
INSERT INTO `tb_aturan` VALUES (1446, 241, 'C06', 'AND', 'C06-02');
INSERT INTO `tb_aturan` VALUES (1447, 242, 'C01', 'AND', 'C01-03');
INSERT INTO `tb_aturan` VALUES (1448, 242, 'C02', 'AND', 'C02-03');
INSERT INTO `tb_aturan` VALUES (1449, 242, 'C03', 'AND', 'C03-03');
INSERT INTO `tb_aturan` VALUES (1450, 242, 'C04', 'AND', 'C04-03');
INSERT INTO `tb_aturan` VALUES (1451, 242, 'C05', 'AND', 'C05-02');
INSERT INTO `tb_aturan` VALUES (1452, 242, 'C06', 'AND', 'C06-03');
INSERT INTO `tb_aturan` VALUES (1453, 243, 'C01', 'AND', 'C01-03');
INSERT INTO `tb_aturan` VALUES (1454, 243, 'C02', 'AND', 'C02-03');
INSERT INTO `tb_aturan` VALUES (1455, 243, 'C03', 'AND', 'C03-03');
INSERT INTO `tb_aturan` VALUES (1456, 243, 'C04', 'AND', 'C04-03');
INSERT INTO `tb_aturan` VALUES (1457, 243, 'C05', 'AND', 'C05-03');
INSERT INTO `tb_aturan` VALUES (1458, 243, 'C06', 'AND', 'C06-03');

-- ----------------------------
-- Table structure for tb_hasil
-- ----------------------------
DROP TABLE IF EXISTS `tb_hasil`;
CREATE TABLE `tb_hasil`  (
  `id_hasil` int NOT NULL AUTO_INCREMENT,
  `id_produk` int NULL DEFAULT NULL,
  `tanggal_hasil` date NULL DEFAULT NULL,
  `persediaan` int NULL DEFAULT NULL,
  `permintaan` int NULL DEFAULT NULL,
  `produksi` int NULL DEFAULT NULL,
  PRIMARY KEY (`id_hasil`) USING BTREE
) ENGINE = InnoDB AUTO_INCREMENT = 6 CHARACTER SET = utf8mb4 COLLATE = utf8mb4_general_ci ROW_FORMAT = DYNAMIC;

-- ----------------------------
-- Records of tb_hasil
-- ----------------------------

-- ----------------------------
-- Table structure for tb_himpunan
-- ----------------------------
DROP TABLE IF EXISTS `tb_himpunan`;
CREATE TABLE `tb_himpunan`  (
  `kode_himpunan` varchar(16) CHARACTER SET latin1 COLLATE latin1_swedish_ci NOT NULL,
  `kode_kriteria` varchar(16) CHARACTER SET latin1 COLLATE latin1_swedish_ci NULL DEFAULT NULL,
  `nama_himpunan` varchar(255) CHARACTER SET latin1 COLLATE latin1_swedish_ci NULL DEFAULT NULL
) ENGINE = InnoDB CHARACTER SET = latin1 COLLATE = latin1_swedish_ci ROW_FORMAT = DYNAMIC;

-- ----------------------------
-- Records of tb_himpunan
-- ----------------------------
INSERT INTO `tb_himpunan` VALUES ('C01-01', 'C01', 'Mangkok');
INSERT INTO `tb_himpunan` VALUES ('C01-02', 'C01', 'Setengah Mangkok');
INSERT INTO `tb_himpunan` VALUES ('C01-03', 'C01', 'Kecil');
INSERT INTO `tb_himpunan` VALUES ('C02-01', 'C02', 'Putih');
INSERT INTO `tb_himpunan` VALUES ('C02-02', 'C02', 'Kuning');
INSERT INTO `tb_himpunan` VALUES ('C02-03', 'C02', 'Kuning Pekat');
INSERT INTO `tb_himpunan` VALUES ('C03-01', 'C03', 'Besar');
INSERT INTO `tb_himpunan` VALUES ('C03-02', 'C03', 'Sedang');
INSERT INTO `tb_himpunan` VALUES ('C03-03', 'C03', 'Kecil');
INSERT INTO `tb_himpunan` VALUES ('C04-01', 'C04', 'Bersih');
INSERT INTO `tb_himpunan` VALUES ('C04-02', 'C04', 'Kotor');
INSERT INTO `tb_himpunan` VALUES ('C04-03', 'C04', 'Berbulu');
INSERT INTO `tb_himpunan` VALUES ('C05-01', 'C05', 'Keras');
INSERT INTO `tb_himpunan` VALUES ('C05-02', 'C05', 'lentur');
INSERT INTO `tb_himpunan` VALUES ('C05-03', 'C05', 'Sangat keras');
INSERT INTO `tb_himpunan` VALUES ('C06-01', 'C06', 'A');
INSERT INTO `tb_himpunan` VALUES ('C06-02', 'C06', 'B');
INSERT INTO `tb_himpunan` VALUES ('C06-03', 'C06', 'C');

-- ----------------------------
-- Table structure for tb_kriteria
-- ----------------------------
DROP TABLE IF EXISTS `tb_kriteria`;
CREATE TABLE `tb_kriteria`  (
  `kode_kriteria` varchar(16) CHARACTER SET latin1 COLLATE latin1_swedish_ci NOT NULL,
  `nama_kriteria` varchar(255) CHARACTER SET latin1 COLLATE latin1_swedish_ci NULL DEFAULT NULL,
  PRIMARY KEY (`kode_kriteria`) USING BTREE
) ENGINE = MyISAM CHARACTER SET = latin1 COLLATE = latin1_swedish_ci ROW_FORMAT = DYNAMIC;

-- ----------------------------
-- Records of tb_kriteria
-- ----------------------------
INSERT INTO `tb_kriteria` VALUES ('C01', 'Bentuk');
INSERT INTO `tb_kriteria` VALUES ('C02', 'Warna');
INSERT INTO `tb_kriteria` VALUES ('C03', 'Ukuran');
INSERT INTO `tb_kriteria` VALUES ('C04', 'Kondisi');
INSERT INTO `tb_kriteria` VALUES ('C05', 'Tekstur');
INSERT INTO `tb_kriteria` VALUES ('C06', 'Jenis Sarang');

-- ----------------------------
-- Table structure for tb_produk
-- ----------------------------
DROP TABLE IF EXISTS `tb_produk`;
CREATE TABLE `tb_produk`  (
  `id_produk` int NOT NULL AUTO_INCREMENT,
  `nama_produk` varchar(255) CHARACTER SET utf8mb4 COLLATE utf8mb4_general_ci NULL DEFAULT NULL,
  PRIMARY KEY (`id_produk`) USING BTREE
) ENGINE = InnoDB AUTO_INCREMENT = 7 CHARACTER SET = utf8mb4 COLLATE = utf8mb4_general_ci ROW_FORMAT = DYNAMIC;

-- ----------------------------
-- Records of tb_produk
-- ----------------------------
INSERT INTO `tb_produk` VALUES (1, 'mangkok');

-- ----------------------------
-- Table structure for tb_training
-- ----------------------------
DROP TABLE IF EXISTS `tb_training`;
CREATE TABLE `tb_training`  (
  `id_training` int NOT NULL AUTO_INCREMENT,
  `id_produk` int NULL DEFAULT NULL,
  `tanggal_training` date NULL DEFAULT NULL,
  `bentuk` int NULL DEFAULT NULL,
  `warna` int NULL DEFAULT NULL,
  `ukuran` int NULL DEFAULT NULL,
  `kondisi` varchar(255) CHARACTER SET utf8mb4 COLLATE utf8mb4_general_ci NULL DEFAULT NULL,
  `tekstur` varchar(255) CHARACTER SET utf8mb4 COLLATE utf8mb4_general_ci NULL DEFAULT NULL,
  `jenis_sarang` varchar(255) CHARACTER SET utf8mb4 COLLATE utf8mb4_general_ci NULL DEFAULT NULL,
  PRIMARY KEY (`id_training`) USING BTREE
) ENGINE = InnoDB AUTO_INCREMENT = 14 CHARACTER SET = utf8mb4 COLLATE = utf8mb4_general_ci ROW_FORMAT = DYNAMIC;

-- ----------------------------
-- Records of tb_training
-- ----------------------------

-- ----------------------------
-- Table structure for tb_user
-- ----------------------------
DROP TABLE IF EXISTS `tb_user`;
CREATE TABLE `tb_user`  (
  `id_user` int NOT NULL AUTO_INCREMENT,
  `nama_user` varchar(255) CHARACTER SET latin1 COLLATE latin1_swedish_ci NULL DEFAULT NULL,
  `user` varchar(16) CHARACTER SET latin1 COLLATE latin1_swedish_ci NULL DEFAULT NULL,
  `pass` varchar(16) CHARACTER SET latin1 COLLATE latin1_swedish_ci NULL DEFAULT NULL,
  PRIMARY KEY (`id_user`) USING BTREE
) ENGINE = InnoDB AUTO_INCREMENT = 4 CHARACTER SET = latin1 COLLATE = latin1_swedish_ci ROW_FORMAT = DYNAMIC;

-- ----------------------------
-- Records of tb_user
-- ----------------------------
INSERT INTO `tb_user` VALUES (1, 'admin', 'admin', 'admin');

SET FOREIGN_KEY_CHECKS = 1;
